dataset,synthetic_bin_size,input_name,mix_method,algorithm,exclude_primary_5050,retained_target_purity,removed_nontarget_purity
largecut,5000,A05A1_4555_segment.fcs,Segment,flowmop,False,0.564688044879084,0.76
largecut,5000,A05A1_4555_segment.fcs,Segment,peacoqc,False,1.0,0.849808638600328
largecut,5000,A05A1_4555_segment.fcs,Segment,flowcut,False,0.551034534647506,0.476190476190476
largecut,5000,A05A3_4060_segment.fcs,Segment,flowmop,False,1.0,0.830565760470242
largecut,5000,A05A3_4060_segment.fcs,Segment,peacoqc,False,1.0,0.928044184050453
largecut,5000,A05A3_4060_segment.fcs,Segment,flowcut,False,0.6,
largecut,5000,A05A3_8515_segment.fcs,Segment,flowmop,False,0.998455953272924,0.853196078431373
largecut,5000,A05A3_8515_segment.fcs,Segment,peacoqc,False,0.933276688453159,0.453014760674139
largecut,5000,A05A3_8515_segment.fcs,Segment,flowcut,False,1.0,0.712747470482192
largecut,5000,A1A05_4060_segment.fcs,Segment,flowmop,False,0.590646201197954,0.178571428571429
largecut,5000,A1A05_4060_segment.fcs,Segment,peacoqc,False,1.0,0.743457399103139
largecut,5000,A1A05_4060_segment.fcs,Segment,flowcut,False,0.604092813406381,0.468085106382979
largecut,5000,A1A05_5545_segment.fcs,Segment,flowmop,False,0.96507616307724,0.982558823529412
largecut,5000,A1A05_5545_segment.fcs,Segment,peacoqc,False,1.0,0.762838455126829
largecut,5000,A1A05_5545_segment.fcs,Segment,flowcut,False,0.561240220534988,0.775107627064191
largecut,5000,A1A3_7525_segment.fcs,Segment,flowmop,False,1.0,0.677531978001607
largecut,5000,A1A3_7525_segment.fcs,Segment,peacoqc,False,0.759673353871553,0.283018867924528
largecut,5000,A1A3_7525_segment.fcs,Segment,flowcut,False,1.0,0.822743729716548
largecut,5000,A1A3_8020_segment.fcs,Segment,flowmop,False,1.0,0.580464993161865
largecut,5000,A1A3_8020_segment.fcs,Segment,peacoqc,False,0.790910144927536,0.166488565932892
largecut,5000,A1A3_8020_segment.fcs,Segment,flowcut,False,1.0,0.772283852790984
largecut,5000,A3A05_1090_segment.fcs,Segment,flowmop,False,1.0,0.485145833333333
largecut,5000,A3A05_1090_segment.fcs,Segment,peacoqc,False,0.976380165289256,0.369865680358186
largecut,5000,A3A05_1090_segment.fcs,Segment,flowcut,False,1.0,0.29952666375119
largecut,5000,A3A05_7030_segment.fcs,Segment,flowmop,False,1.0,0.782575089988499
largecut,5000,A3A05_7030_segment.fcs,Segment,peacoqc,False,1.0,0.79504347298302
largecut,5000,A3A05_7030_segment.fcs,Segment,flowcut,False,0.700000858845826,
largecut,5000,A3A1_1090_segment.fcs,Segment,flowmop,False,1.0,0.812376623376623
largecut,5000,A3A1_1090_segment.fcs,Segment,peacoqc,False,0.958232954545455,0.415231299212598
largecut,5000,A3A1_1090_segment.fcs,Segment,flowcut,False,1.0,0.610273170731707
largecut,5000,A3A1_2575_segment.fcs,Segment,flowmop,False,1.0,0.880211069418386
largecut,5000,A3A1_2575_segment.fcs,Segment,peacoqc,False,0.78183535361498,0.480769230769231
largecut,5000,A3A1_2575_segment.fcs,Segment,flowcut,False,1.0,0.770681724845996
largecut,5000,B05B1_3565_segment.fcs,Segment,flowmop,False,1.0,0.77956758597208
largecut,5000,B05B1_3565_segment.fcs,Segment,peacoqc,False,1.0,0.63865829846583
largecut,5000,B05B1_3565_segment.fcs,Segment,flowcut,False,0.661804268263701,0.673913043478261
largecut,5000,B05B1_6535_segment.fcs,Segment,flowmop,False,0.649618712886363,0.333333333333333
largecut,5000,B05B1_6535_segment.fcs,Segment,peacoqc,False,1.0,0.760246012071567
largecut,5000,B05B1_6535_segment.fcs,Segment,flowcut,False,0.641998028471938,0.1
largecut,5000,B05B3_5545_segment.fcs,Segment,flowmop,False,0.994105494505494,0.985168627409436
largecut,5000,B05B3_5545_segment.fcs,Segment,peacoqc,False,0.35173238386766,0.105263157894737
largecut,5000,B05B3_5545_segment.fcs,Segment,flowcut,False,0.540283207410435,0.228571428571429
largecut,5000,B1B05_2575_segment.fcs,Segment,flowmop,False,0.995711222301644,0.884615384615385
largecut,5000,B1B05_2575_segment.fcs,Segment,peacoqc,False,1.0,0.700390977443609
largecut,5000,B1B05_2575_segment.fcs,Segment,flowcut,False,0.75231519210538,0.315789473684211
largecut,5000,B1B3_7030_segment.fcs,Segment,flowmop,False,1.0,0.88096318346299
largecut,5000,B1B3_7030_segment.fcs,Segment,peacoqc,False,0.69009061685571,0.0952380952380952
largecut,5000,B1B3_7030_segment.fcs,Segment,flowcut,False,0.697110586808905,0.171428571428571
largecut,5000,B3B05_2080_segment.fcs,Segment,flowmop,False,1.0,0.882121212121212
largecut,5000,B3B05_2080_segment.fcs,Segment,peacoqc,False,0.783171521035599,0.071031746031746
largecut,5000,B3B05_2080_segment.fcs,Segment,flowcut,False,1.0,0.588741573033708
largecut,5000,B3B05_6040_segment.fcs,Segment,flowmop,False,1.0,0.942071197411003
largecut,5000,B3B05_6040_segment.fcs,Segment,peacoqc,False,0.713846153846154,0.792848042130298
largecut,5000,B3B05_6040_segment.fcs,Segment,flowcut,False,0.631140868202387,0.888531481894328
largecut,5000,B3B05_8020_segment.fcs,Segment,flowmop,False,1.0,0.696350364963504
largecut,5000,B3B05_8020_segment.fcs,Segment,peacoqc,False,0.975386363636364,0.78285498489426
largecut,5000,B3B05_8020_segment.fcs,Segment,flowcut,False,1.0,0.822709306503773
largecut,5000,B3B1_1090_segment.fcs,Segment,flowmop,False,1.0,0.481111111111111
largecut,5000,B3B1_1090_segment.fcs,Segment,peacoqc,False,0.871670466321244,0.0
largecut,5000,B3B1_1090_segment.fcs,Segment,flowcut,False,1.0,0.560352941176471
largecut,5000,B3B1_5545_segment.fcs,Segment,flowmop,False,1.0,0.991414596035938
largecut,5000,B3B1_5545_segment.fcs,Segment,peacoqc,False,0.556762097206824,0.492307692307692
largecut,5000,B3B1_5545_segment.fcs,Segment,flowcut,False,0.555789415050649,0.62962962962963
largecut,5000,B3B1_8020_segment.fcs,Segment,flowmop,False,1.0,0.627028901161495
largecut,5000,B3B1_8020_segment.fcs,Segment,peacoqc,False,0.813574027790368,0.346090592334495
largecut,5000,B3B1_8020_segment.fcs,Segment,flowcut,False,0.801118487804488,0.298245614035088
largecut,5000,C1C05_1585_segment.fcs,Segment,flowmop,False,1.0,0.898376623376623
largecut,5000,C1C05_1585_segment.fcs,Segment,peacoqc,False,1.0,0.621797752808989
largecut,5000,C1C05_1585_segment.fcs,Segment,flowcut,False,1.0,0.568561643835616
largecut,5000,C1C05_4060_segment.fcs,Segment,flowmop,False,0.997036854911869,1.0
largecut,5000,C1C05_4060_segment.fcs,Segment,peacoqc,False,1.0,0.791914141414141
largecut,5000,C1C05_4060_segment.fcs,Segment,flowcut,False,0.601980747766276,0.417923076923077
largecut,5000,C1C05_5545_segment.fcs,Segment,flowmop,False,0.618925004356479,0.941176470588235
largecut,5000,C1C05_5545_segment.fcs,Segment,peacoqc,False,1.0,0.787104511627253
largecut,5000,C1C05_5545_segment.fcs,Segment,flowcut,False,0.571398919825734,0.783333333333333
largecut,5000,C3C05_1090_segment.fcs,Segment,flowmop,False,1.0,0.505406504065041
largecut,5000,C3C05_1090_segment.fcs,Segment,peacoqc,False,0.995684349537787,0.5
largecut,5000,C3C05_1090_segment.fcs,Segment,flowcut,False,1.0,0.629518987341772
largecut,5000,C3C05_1585_segment.fcs,Segment,flowmop,False,1.0,0.713144329896907
largecut,5000,C3C05_1585_segment.fcs,Segment,peacoqc,False,0.92667320067161,0.837837837837838
largecut,5000,C3C05_1585_segment.fcs,Segment,flowcut,False,1.0,0.557114093959732
largecut,5000,C3C05_2575_segment.fcs,Segment,flowmop,False,1.0,0.777083333333333
largecut,5000,C3C05_2575_segment.fcs,Segment,peacoqc,False,1.0,0.842937853107345
largecut,5000,C3C05_2575_segment.fcs,Segment,flowcut,False,0.750728171780803,0.318471337579618
largecut,5000,C3C05_9010_segment.fcs,Segment,flowmop,False,1.0,0.243801186173485
largecut,5000,C3C05_9010_segment.fcs,Segment,peacoqc,False,1.0,0.659197676458549
largecut,5000,C3C05_9010_segment.fcs,Segment,flowcut,False,1.0,0.62421551978736
largecut,5000,C3C1_1585_segment.fcs,Segment,flowmop,False,1.0,0.842859003676151
largecut,5000,C3C1_1585_segment.fcs,Segment,peacoqc,False,0.94656718723542,0.779661016949153
largecut,5000,C3C1_1585_segment.fcs,Segment,flowcut,False,1.0,0.701644578313253
largecut,5000,C3C1_3070_segment.fcs,Segment,flowmop,False,1.0,0.944024238804666
largecut,5000,C3C1_3070_segment.fcs,Segment,peacoqc,False,0.972244897959184,0.843589930327968
largecut,5000,C3C1_3070_segment.fcs,Segment,flowcut,False,0.702816919590518,0.5
largecut,5000,C3C1_4555_segment.fcs,Segment,flowmop,False,0.568091571272636,0.814814814814815
largecut,5000,C3C1_4555_segment.fcs,Segment,peacoqc,False,0.95129138576779,0.953001532313794
largecut,5000,C3C1_4555_segment.fcs,Segment,flowcut,False,0.547536446827562,0.383720930232558
largecut,5000,C3C1_9010_segment.fcs,Segment,flowmop,False,1.0,0.251256658854237
largecut,5000,C3C1_9010_segment.fcs,Segment,peacoqc,False,0.919380144032922,0.291378180543632
largecut,5000,C3C1_9010_segment.fcs,Segment,flowcut,False,1.0,0.711577771794949
largecut,5000,A05A1_2080_bimix.fcs,Bimix,flowmop,False,0.992830638777283,0.67764799154334
largecut,5000,A05A1_2080_bimix.fcs,Bimix,peacoqc,False,0.990308267916825,0.66175
largecut,5000,A05A1_2080_bimix.fcs,Bimix,flowcut,False,0.807522398763252,0.417363636363636
largecut,5000,A05A1_2575_bimix.fcs,Bimix,flowmop,False,0.987033573452343,0.857749287749288
largecut,5000,A05A1_2575_bimix.fcs,Bimix,peacoqc,False,0.978170539006262,0.741403361344538
largecut,5000,A05A1_2575_bimix.fcs,Bimix,flowcut,False,0.756048415113742,0.390129032258065
largecut,5000,A05A1_3070_bimix.fcs,Bimix,flowmop,False,0.873574967098925,0.854264859228363
largecut,5000,A05A1_3070_bimix.fcs,Bimix,peacoqc,False,0.989356717908825,0.672238805970149
largecut,5000,A05A1_3070_bimix.fcs,Bimix,flowcut,False,0.70291717576675,0.3754
largecut,5000,A05A1_4060_bimix.fcs,Bimix,flowmop,False,0.603469797947741,0.431968810916179
largecut,5000,A05A1_4060_bimix.fcs,Bimix,peacoqc,False,0.985589743589744,0.628575771393829
largecut,5000,A05A1_4060_bimix.fcs,Bimix,flowcut,False,0.608048369511349,0.608205128205128
largecut,5000,A05A3_1090_bimix.fcs,Bimix,flowmop,False,1.0,0.336404494382022
largecut,5000,A05A3_1090_bimix.fcs,Bimix,peacoqc,False,0.907790368271955,0.229411764705882
largecut,5000,A05A3_1090_bimix.fcs,Bimix,flowcut,False,1.0,0.604848484848485
largecut,5000,A05A3_2575_bimix.fcs,Bimix,flowmop,False,1.0,0.650065359477124
largecut,5000,A05A3_2575_bimix.fcs,Bimix,peacoqc,False,0.999249152542373,0.613462679189323
largecut,5000,A05A3_2575_bimix.fcs,Bimix,flowcut,False,0.75820315703157,0.671210526315789
largecut,5000,A05A3_6040_bimix.fcs,Bimix,flowmop,False,0.623453630452521,0.867979797979798
largecut,5000,A05A3_6040_bimix.fcs,Bimix,peacoqc,False,0.544173476829543,0.264702479338843
largecut,5000,A05A3_6040_bimix.fcs,Bimix,flowcut,False,0.597021902695149,0.25
largecut,5000,A05A3_8020_bimix.fcs,Bimix,flowmop,False,1.0,0.6930291005291
largecut,5000,A05A3_8020_bimix.fcs,Bimix,peacoqc,False,0.763433917452692,0.0
largecut,5000,A05A3_8020_bimix.fcs,Bimix,flowcut,False,1.0,0.595375
largecut,5000,A1A3_1090_bimix.fcs,Bimix,flowmop,False,1.0,0.337778110047847
largecut,5000,A1A3_1090_bimix.fcs,Bimix,peacoqc,False,0.898842720906818,0.0820181488203267
largecut,5000,A1A3_1090_bimix.fcs,Bimix,flowcut,False,0.999939386722366,0.571627848101266
largecut,5000,A1A3_1585_bimix.fcs,Bimix,flowmop,False,1.0,0.41902559690256
largecut,5000,A1A3_1585_bimix.fcs,Bimix,peacoqc,False,0.850241845466948,0.15327731092437
largecut,5000,A1A3_1585_bimix.fcs,Bimix,flowcut,False,0.976483443393986,0.690578680203046
largecut,5000,A1A3_9010_bimix.fcs,Bimix,flowmop,False,1.0,0.624805194805195
largecut,5000,A1A3_9010_bimix.fcs,Bimix,peacoqc,False,0.998741721854305,0.359245024897252
largecut,5000,A1A3_9010_bimix.fcs,Bimix,flowcut,False,1.0,0.514757201646091
largecut,5000,B05B1_3070_bimix.fcs,Bimix,flowmop,False,0.840856523310444,0.836845730027548
largecut,5000,B05B1_3070_bimix.fcs,Bimix,peacoqc,False,0.988429951690821,0.719571328179902
largecut,5000,B05B1_3070_bimix.fcs,Bimix,flowcut,False,0.716864355231144,0.570487804878049
largecut,5000,B05B1_7030_bimix.fcs,Bimix,flowmop,False,0.733803326102675,0.710087719298246
largecut,5000,B05B1_7030_bimix.fcs,Bimix,peacoqc,False,0.995730145175064,0.719757575757576
largecut,5000,B05B1_7030_bimix.fcs,Bimix,flowcut,False,0.697381284916201,0.242307692307692
largecut,5000,B05B3_7030_bimix.fcs,Bimix,flowmop,False,0.984431709646609,0.961777777777778
largecut,5000,B05B3_7030_bimix.fcs,Bimix,peacoqc,False,0.678739559605163,0.144444444444444
largecut,5000,B05B3_7030_bimix.fcs,Bimix,flowcut,False,0.700895316804408,0.328888888888889
largecut,5000,B1B05_4555_bimix.fcs,Bimix,flowmop,False,0.584180840796588,0.8775
largecut,5000,B1B05_4555_bimix.fcs,Bimix,peacoqc,False,0.998170886075949,0.72417171357321
largecut,5000,B1B05_4555_bimix.fcs,Bimix,flowcut,False,0.542881132598874,0.21944
largecut,5000,B1B05_7525_bimix.fcs,Bimix,flowmop,False,0.929283545482081,0.731786600496278
largecut,5000,B1B05_7525_bimix.fcs,Bimix,peacoqc,False,0.972998106443332,0.821645083932854
largecut,5000,B1B05_7525_bimix.fcs,Bimix,flowcut,False,0.770161056549517,0.512603773584906
largecut,5000,B1B3_2080_bimix.fcs,Bimix,flowmop,False,0.91552205951548,0.592072197153766
largecut,5000,B1B3_2080_bimix.fcs,Bimix,peacoqc,False,0.803732363281394,0.302543417366947
largecut,5000,B1B3_2080_bimix.fcs,Bimix,flowcut,False,0.80910969338712,0.607063063063063
largecut,5000,B3B05_3565_bimix.fcs,Bimix,flowmop,False,0.876931643610026,0.930424242424242
largecut,5000,B3B05_3565_bimix.fcs,Bimix,peacoqc,False,0.611506244260448,0.225621621621622
largecut,5000,B3B05_3565_bimix.fcs,Bimix,flowcut,False,0.64751944669572,0.193454545454545
largecut,5000,B3B05_6535_bimix.fcs,Bimix,flowmop,False,0.982144702842377,0.956893295561851
largecut,5000,B3B05_6535_bimix.fcs,Bimix,peacoqc,False,0.993936507936508,0.731747709654686
largecut,5000,B3B05_6535_bimix.fcs,Bimix,flowcut,False,0.666048848085917,0.78093023255814
largecut,5000,B3B05_7525_bimix.fcs,Bimix,flowmop,False,1.0,0.710629236919868
largecut,5000,B3B05_7525_bimix.fcs,Bimix,peacoqc,False,0.747507142857143,0.222363002850808
largecut,5000,B3B05_7525_bimix.fcs,Bimix,flowcut,False,0.998925862068965,0.679990350480093
largecut,5000,B3B1_1585_bimix.fcs,Bimix,flowmop,False,0.99994874715262,0.643942520541778
largecut,5000,B3B1_1585_bimix.fcs,Bimix,peacoqc,False,0.965006896551724,0.348735489714681
largecut,5000,B3B1_1585_bimix.fcs,Bimix,flowcut,False,0.998959923664122,0.629678339212626
largecut,5000,B3B1_2575_bimix.fcs,Bimix,flowmop,False,0.904350807313022,0.801384615384615
largecut,5000,B3B1_2575_bimix.fcs,Bimix,peacoqc,False,0.926247213779129,0.59871955228428
largecut,5000,B3B1_2575_bimix.fcs,Bimix,flowcut,False,0.746898113041663,0.1
largecut,5000,B3B1_6040_bimix.fcs,Bimix,flowmop,False,0.596991304347826,0.201164443221932
largecut,5000,B3B1_6040_bimix.fcs,Bimix,peacoqc,False,0.605319645732689,0.43034701099336
largecut,5000,B3B1_6040_bimix.fcs,Bimix,flowcut,False,0.600565475631008,0.434782608695652
largecut,5000,C05C1_7030_bimix.fcs,Bimix,flowmop,False,0.912089201877934,0.974835722819594
largecut,5000,C05C1_7030_bimix.fcs,Bimix,peacoqc,False,0.998202898550725,0.778801414479806
largecut,5000,C05C1_7030_bimix.fcs,Bimix,flowcut,False,0.697358264002058,0.210736842105263
largecut,5000,C05C1_7525_bimix.fcs,Bimix,flowmop,False,0.887773070853061,0.825920138888889
largecut,5000,C05C1_7525_bimix.fcs,Bimix,peacoqc,False,0.991678839224851,0.783720430107527
largecut,5000,C05C1_7525_bimix.fcs,Bimix,flowcut,False,0.745650358410467,0.136363636363636
largecut,5000,C05C3_8515_bimix.fcs,Bimix,flowmop,False,1.0,0.705765306122449
largecut,5000,C05C3_8515_bimix.fcs,Bimix,peacoqc,False,0.871814702920443,0.340152553692573
largecut,5000,C05C3_8515_bimix.fcs,Bimix,flowcut,False,1.0,0.576375
largecut,5000,C1C05_2080_bimix.fcs,Bimix,flowmop,False,0.969556025369979,0.897391304347826
largecut,5000,C1C05_2080_bimix.fcs,Bimix,peacoqc,False,0.997211660329531,0.602067183462532
largecut,5000,C1C05_2080_bimix.fcs,Bimix,flowcut,False,0.79825479930192,0.133333333333333
largecut,5000,C1C05_3070_bimix.fcs,Bimix,flowmop,False,0.732305492090622,0.580484848484848
largecut,5000,C1C05_3070_bimix.fcs,Bimix,peacoqc,False,0.702872915906531,0.5
largecut,5000,C1C05_3070_bimix.fcs,Bimix,flowcut,False,0.692124042653951,0.120962962962963
largecut,5000,C1C3_1090_bimix.fcs,Bimix,flowmop,False,1.0,0.358189424364123
largecut,5000,C1C3_1090_bimix.fcs,Bimix,peacoqc,False,0.899153859925185,0.0
largecut,5000,C1C3_1090_bimix.fcs,Bimix,flowcut,False,0.999917570548241,0.560705111402359
largecut,5000,C1C3_3070_bimix.fcs,Bimix,flowmop,False,0.728637392428926,0.923733031674208
largecut,5000,C1C3_3070_bimix.fcs,Bimix,peacoqc,False,0.696597014925373,0.0
largecut,5000,C1C3_3070_bimix.fcs,Bimix,flowcut,False,0.709229663639692,0.737566265060241
largecut,5000,C3C05_6535_bimix.fcs,Bimix,flowmop,False,0.971348207927842,0.971018148628877
largecut,5000,C3C05_6535_bimix.fcs,Bimix,peacoqc,False,1.0,0.636959807362246
largecut,5000,C3C05_6535_bimix.fcs,Bimix,flowcut,False,0.719804770743109,0.900291666666667
largecut,5000,C3C05_9010_bimix.fcs,Bimix,flowmop,False,1.0,0.364781867757328
largecut,5000,C3C05_9010_bimix.fcs,Bimix,peacoqc,False,0.902628634286039,0.275873015873016
largecut,5000,C3C05_9010_bimix.fcs,Bimix,flowcut,False,1.0,0.573871313672922
largecut,5000,C3C1_4060_bimix.fcs,Bimix,flowmop,False,0.607364622533415,1.0
largecut,5000,C3C1_4060_bimix.fcs,Bimix,peacoqc,False,0.851489513609996,0.661061518875215
largecut,5000,C3C1_4060_bimix.fcs,Bimix,flowcut,False,0.597714066465859,0.332794520547945
largecut,5000,A05A1A3_157510_trimix.fcs,Trimix,flowmop,False,0.997306818082855,0.718568481848185
largecut,5000,A05A1A3_157510_trimix.fcs,Trimix,peacoqc,False,0.752206073622496,0.262882352941176
largecut,5000,A05A1A3_157510_trimix.fcs,Trimix,flowcut,False,0.837128171183098,0.721132420091324
largecut,5000,A05A1A3_306010_trimix.fcs,Trimix,flowmop,False,0.810441527446301,0.940398365679265
largecut,5000,A05A1A3_306010_trimix.fcs,Trimix,peacoqc,False,0.894198473282443,0.778337696335079
largecut,5000,A05A1A3_306010_trimix.fcs,Trimix,flowcut,False,0.672095453753701,0.732449799196787
largecut,5000,A05A1A3_601030_trimix.fcs,Trimix,flowmop,False,0.824243646631706,0.948224852071006
largecut,5000,A05A1A3_601030_trimix.fcs,Trimix,peacoqc,False,0.613450635386119,0.4367717797969
largecut,5000,A05A1A3_601030_trimix.fcs,Trimix,flowcut,False,0.59466275659824,0.180722891566265
largecut,5000,A05A3A1_454510_trimix.fcs,Trimix,flowmop,False,0.950649501545326,0.715621468926554
largecut,5000,A05A3A1_454510_trimix.fcs,Trimix,peacoqc,False,0.997702797202797,0.255455405330218
largecut,5000,A05A3A1_454510_trimix.fcs,Trimix,flowcut,False,0.9020078713895,0.15625
largecut,5000,A1A3A05_551035_trimix.fcs,Trimix,flowmop,False,0.605657811511702,0.901107351584128
largecut,5000,A1A3A05_551035_trimix.fcs,Trimix,peacoqc,False,0.784037927602284,0.626493827160494
largecut,5000,A1A3A05_551035_trimix.fcs,Trimix,flowcut,False,0.610665520206363,0.723620117278397
largecut,5000,A1A3A05_651025_trimix.fcs,Trimix,flowmop,False,0.759661071019445,0.710063492063492
largecut,5000,A1A3A05_651025_trimix.fcs,Trimix,peacoqc,False,0.68181447719402,0.618460641399417
largecut,5000,A1A3A05_651025_trimix.fcs,Trimix,flowcut,False,0.729668193021512,0.73431654676259
largecut,5000,A1A3A05_651520_trimix.fcs,Trimix,flowmop,False,0.892135313531353,0.914133122113836
largecut,5000,A1A3A05_651520_trimix.fcs,Trimix,peacoqc,False,0.73182096232749,0.629964203097632
largecut,5000,A1A3A05_651520_trimix.fcs,Trimix,flowcut,False,0.780642582628747,0.744137825463755
largecut,5000,A3A1A05_103555_trimix.fcs,Trimix,flowmop,False,0.641148414601652,0.895481770833333
largecut,5000,A3A1A05_103555_trimix.fcs,Trimix,peacoqc,False,0.8177,0.596651831564533
largecut,5000,A3A1A05_103555_trimix.fcs,Trimix,flowcut,False,0.604434758921275,0.685152941176471
largecut,5000,B05B3B1_151570_trimix.fcs,Trimix,flowmop,False,0.978977047882865,0.785185822436339
largecut,5000,B05B3B1_151570_trimix.fcs,Trimix,peacoqc,False,0.782496075353218,0.630503144654088
largecut,5000,B05B3B1_151570_trimix.fcs,Trimix,flowcut,False,0.701082113303628,0.380952380952381
largecut,5000,B05B3B1_751510_trimix.fcs,Trimix,flowmop,False,0.971277630415561,0.883137909662404
largecut,5000,B05B3B1_751510_trimix.fcs,Trimix,peacoqc,False,0.80989417989418,0.347388159196277
largecut,5000,B05B3B1_751510_trimix.fcs,Trimix,flowcut,False,0.872911963882618,0.575066560011462
largecut,5000,B3B05B1_652510_trimix.fcs,Trimix,flowmop,False,0.864325745191523,0.948100165562914
largecut,5000,B3B05B1_652510_trimix.fcs,Trimix,peacoqc,False,0.660307135107128,0.409235294117647
largecut,5000,B3B05B1_652510_trimix.fcs,Trimix,flowcut,False,0.657368197822765,0.618816326530612
largecut,5000,B3B05B1_801010_trimix.fcs,Trimix,flowmop,False,0.938516438659644,0.545511294261294
largecut,5000,B3B05B1_801010_trimix.fcs,Trimix,peacoqc,False,0.808222521105853,0.364448512585812
largecut,5000,B3B05B1_801010_trimix.fcs,Trimix,flowcut,False,0.998934139535579,0.66789458272328
largecut,5000,B3B1B05_204535_trimix.fcs,Trimix,flowmop,False,0.47609245214879,0.871111111111111
largecut,5000,B3B1B05_204535_trimix.fcs,Trimix,peacoqc,False,0.534545454545455,0.675259013675922
largecut,5000,B3B1B05_204535_trimix.fcs,Trimix,flowcut,False,0.600752269779507,0.822456633849039
largecut,5000,B3B1B05_253540_trimix.fcs,Trimix,flowmop,False,0.410063130493936,0.933986928104575
largecut,5000,B3B1B05_253540_trimix.fcs,Trimix,peacoqc,False,0.398218666666667,0.595458238489482
largecut,5000,B3B1B05_253540_trimix.fcs,Trimix,flowcut,False,0.395309935304719,0.428571428571429
largecut,5000,B3B1B05_503515_trimix.fcs,Trimix,flowmop,False,0.50090618336887,0.514166666666667
largecut,5000,B3B1B05_503515_trimix.fcs,Trimix,peacoqc,False,0.4932874617737,0.401569506726457
largecut,5000,B3B1B05_503515_trimix.fcs,Trimix,flowcut,False,0.509526288391463,0.744
largecut,5000,B3B1B05_651025_trimix.fcs,Trimix,flowmop,False,0.846935024354379,0.94984555984556
largecut,5000,B3B1B05_651025_trimix.fcs,Trimix,peacoqc,False,0.997066502463054,0.675959638952759
largecut,5000,B3B1B05_651025_trimix.fcs,Trimix,flowcut,False,0.667525856356059,0.784615384615385
largecut,5000,C1C3C05_107515_trimix.fcs,Trimix,flowmop,False,0.924606823572341,0.655682174683523
largecut,5000,C1C3C05_107515_trimix.fcs,Trimix,peacoqc,False,0.894569548445655,0.591605427643574
largecut,5000,C1C3C05_107515_trimix.fcs,Trimix,flowcut,False,0.99360621242485,0.676520643698812
largecut,5000,C1C3C05_205525_trimix.fcs,Trimix,flowmop,False,0.728304008265719,0.945143459915612
largecut,5000,C1C3C05_205525_trimix.fcs,Trimix,peacoqc,False,0.998370481927711,0.714337464928792
largecut,5000,C1C3C05_205525_trimix.fcs,Trimix,flowcut,False,0.584048797050834,0.848269503546099
largecut,5000,C1C3C05_302545_trimix.fcs,Trimix,flowmop,False,0.452905039566847,0.631578947368421
largecut,5000,C1C3C05_302545_trimix.fcs,Trimix,peacoqc,False,0.597014492753623,0.883026920551543
largecut,5000,C1C3C05_302545_trimix.fcs,Trimix,flowcut,False,0.44319594034797,0.323448275862069
largecut,5000,C1C3C05_452035_trimix.fcs,Trimix,flowmop,False,0.460847729765837,0.9178125
largecut,5000,C1C3C05_452035_trimix.fcs,Trimix,peacoqc,False,0.566381741205203,0.882925287356322
largecut,5000,C1C3C05_452035_trimix.fcs,Trimix,flowcut,False,0.457786661094963,0.79047619047619
largecut,5000,C3C05C1_101080_trimix.fcs,Trimix,flowmop,False,0.990468005312915,0.668846153846154
largecut,5000,C3C05C1_101080_trimix.fcs,Trimix,peacoqc,False,0.892202127659575,0.819422609689867
largecut,5000,C3C05C1_101080_trimix.fcs,Trimix,flowcut,False,0.917477020537308,0.604970588235294
largecut,5000,C3C05C1_651025_trimix.fcs,Trimix,flowmop,False,0.665878825649132,0.958350877192983
largecut,5000,C3C05C1_651025_trimix.fcs,Trimix,peacoqc,False,0.649977677404304,
largecut,5000,C3C05C1_651025_trimix.fcs,Trimix,flowcut,False,0.670248083539567,0.781074626865672
largecut,5000,C3C1C05_104545_trimix.fcs,Trimix,flowmop,False,0.941766231699888,0.543222222222222
largecut,5000,C3C1C05_104545_trimix.fcs,Trimix,peacoqc,False,0.999335483870968,0.141864380502691
largecut,5000,C3C1C05_104545_trimix.fcs,Trimix,flowcut,False,1.0,0.45444347826087
largecut,5000,C3C1C05_403525_trimix.fcs,Trimix,flowmop,False,0.407424578887505,0.990795454545455
largecut,5000,C3C1C05_403525_trimix.fcs,Trimix,peacoqc,False,0.0279317245438493,0.29377519379845
largecut,5000,C3C1C05_403525_trimix.fcs,Trimix,flowcut,False,0.405301440608861,0.833333333333333
smallcut,2000,A05A1_1090_segment.fcs,Segment,flowmop,False,1.0,0.719827387802071
smallcut,2000,A05A1_1090_segment.fcs,Segment,peacoqc,False,1.0,0.613048335881454
smallcut,2000,A05A1_1090_segment.fcs,Segment,flowcut,False,0.909326693120633,0.308669656203289
smallcut,2000,A05A1_1585_segment.fcs,Segment,flowmop,False,1.0,0.639634986225895
smallcut,2000,A05A1_1585_segment.fcs,Segment,peacoqc,False,0.999050632911392,0.412633269393764
smallcut,2000,A05A1_1585_segment.fcs,Segment,flowcut,False,0.856275611619531,0.41233407079646
smallcut,2000,A05A1_9010_segment.fcs,Segment,flowmop,False,0.99863434619324,0.650285714285714
smallcut,2000,A05A1_9010_segment.fcs,Segment,peacoqc,False,1.0,0.366861391396707
smallcut,2000,A05A1_9010_segment.fcs,Segment,flowcut,False,0.899257388979652,0.0714285714285714
smallcut,2000,A05A3_3565_segment.fcs,Segment,flowmop,False,1.0,0.778762807826239
smallcut,2000,A05A3_3565_segment.fcs,Segment,peacoqc,False,1.0,0.833122278056951
smallcut,2000,A05A3_3565_segment.fcs,Segment,flowcut,False,0.650000844432935,
smallcut,2000,A05A3_9010_segment.fcs,Segment,flowmop,False,0.999615109693737,0.455235294117647
smallcut,2000,A05A3_9010_segment.fcs,Segment,peacoqc,False,0.989230337078652,0.389466010570439
smallcut,2000,A05A3_9010_segment.fcs,Segment,flowcut,False,1.0,0.326285554154407
smallcut,2000,A1A05_4555_segment.fcs,Segment,flowmop,False,0.55080928986556,0.5
smallcut,2000,A1A05_4555_segment.fcs,Segment,peacoqc,False,1.0,0.782580769230769
smallcut,2000,A1A05_4555_segment.fcs,Segment,flowcut,False,0.553200452452881,0.511111111111111
smallcut,2000,A1A3_3070_segment.fcs,Segment,flowmop,False,1.0,0.820421385810799
smallcut,2000,A1A3_3070_segment.fcs,Segment,peacoqc,False,0.77953841495796,0.924528301886792
smallcut,2000,A1A3_3070_segment.fcs,Segment,flowcut,False,0.707026485639505,0.686567164179104
smallcut,2000,A1A3_5545_segment.fcs,Segment,flowmop,False,0.99601402373247,0.980744791466092
smallcut,2000,A1A3_5545_segment.fcs,Segment,peacoqc,False,0.588910045212728,0.62962962962963
smallcut,2000,A1A3_5545_segment.fcs,Segment,flowcut,False,0.545058218687664,0.296875
smallcut,2000,A3A05_1585_segment.fcs,Segment,flowmop,False,1.0,0.812703703703704
smallcut,2000,A3A05_1585_segment.fcs,Segment,peacoqc,False,0.985246187363834,0.642113107034706
smallcut,2000,A3A05_1585_segment.fcs,Segment,flowcut,False,1.0,0.69111811023622
smallcut,2000,A3A1_1090_segment.fcs,Segment,flowmop,False,1.0,0.414730496453901
smallcut,2000,A3A1_1090_segment.fcs,Segment,peacoqc,False,0.903361137440758,0.130954043860874
smallcut,2000,A3A1_1090_segment.fcs,Segment,flowcut,False,1.0,0.635619565217391
smallcut,2000,B05B1_4060_segment.fcs,Segment,flowmop,False,1.0,0.962314049586777
smallcut,2000,B05B1_4060_segment.fcs,Segment,peacoqc,False,1.0,0.670201131966872
smallcut,2000,B05B1_4060_segment.fcs,Segment,flowcut,False,0.613215511460018,0.794117647058823
smallcut,2000,B05B1_8515_segment.fcs,Segment,flowmop,False,1.0,0.802255624168536
smallcut,2000,B05B1_8515_segment.fcs,Segment,peacoqc,False,1.0,0.401578324868556
smallcut,2000,B05B1_8515_segment.fcs,Segment,flowcut,False,1.0,0.591021458976347
smallcut,2000,B05B3_1090_segment.fcs,Segment,flowmop,False,1.0,0.42100304529882
smallcut,2000,B05B3_1090_segment.fcs,Segment,peacoqc,False,0.962909843802457,0.589285714285714
smallcut,2000,B05B3_1090_segment.fcs,Segment,flowcut,False,1.0,0.668210352056938
smallcut,2000,B05B3_2080_segment.fcs,Segment,flowmop,False,1.0,0.622173913043478
smallcut,2000,B05B3_2080_segment.fcs,Segment,peacoqc,False,0.929743941472337,0.62037037037037
smallcut,2000,B05B3_2080_segment.fcs,Segment,flowcut,False,1.0,0.864
smallcut,2000,B05B3_4060_segment.fcs,Segment,flowmop,False,1.0,0.949755301794454
smallcut,2000,B05B3_4060_segment.fcs,Segment,peacoqc,False,1.0,0.841802554422042
smallcut,2000,B05B3_4060_segment.fcs,Segment,flowcut,False,0.634328850210971,0.831623665941353
smallcut,2000,B1B05_7525_segment.fcs,Segment,flowmop,False,1.0,0.832886453718816
smallcut,2000,B1B05_7525_segment.fcs,Segment,peacoqc,False,1.0,0.643809266345034
smallcut,2000,B1B05_7525_segment.fcs,Segment,flowcut,False,0.773250683461951,0.575757575757576
smallcut,2000,B1B3_6040_segment.fcs,Segment,flowmop,False,1.0,0.930681263073512
smallcut,2000,B1B3_6040_segment.fcs,Segment,peacoqc,False,0.587023869346734,0.322212599314682
smallcut,2000,B1B3_6040_segment.fcs,Segment,flowcut,False,0.595903839873351,0.254901960784314
smallcut,2000,B1B3_8515_segment.fcs,Segment,flowmop,False,1.0,0.625135875611043
smallcut,2000,B1B3_8515_segment.fcs,Segment,peacoqc,False,0.903314917127072,0.407075559660075
smallcut,2000,B1B3_8515_segment.fcs,Segment,flowcut,False,1.0,0.597413327015485
smallcut,2000,B3B05_9010_segment.fcs,Segment,flowmop,False,1.0,0.327528441055132
smallcut,2000,B3B05_9010_segment.fcs,Segment,peacoqc,False,0.990498812351544,0.628010565102553
smallcut,2000,B3B05_9010_segment.fcs,Segment,flowcut,False,1.0,0.715526423596887
smallcut,2000,B3B1_4060_segment.fcs,Segment,flowmop,False,1.0,0.961831438457736
smallcut,2000,B3B1_4060_segment.fcs,Segment,peacoqc,False,0.657880923602481,0.552238805970149
smallcut,2000,B3B1_4060_segment.fcs,Segment,flowcut,False,0.601357646606615,0.483870967741935
smallcut,2000,B3B1_8020_segment.fcs,Segment,flowmop,False,1.0,0.620421965742851
smallcut,2000,B3B1_8020_segment.fcs,Segment,peacoqc,False,0.838955360337083,0.529411764705882
smallcut,2000,B3B1_8020_segment.fcs,Segment,flowcut,False,1.0,0.840625518775524
smallcut,2000,C05C1_1090_segment.fcs,Segment,flowmop,False,1.0,0.731521197007481
smallcut,2000,C05C1_1090_segment.fcs,Segment,peacoqc,False,1.0,0.604326328800989
smallcut,2000,C05C1_1090_segment.fcs,Segment,flowcut,False,1.0,0.584342629482072
smallcut,2000,C05C1_1585_segment.fcs,Segment,flowmop,False,1.0,0.566532033352263
smallcut,2000,C05C1_1585_segment.fcs,Segment,peacoqc,False,1.0,0.668755051280284
smallcut,2000,C05C1_1585_segment.fcs,Segment,flowcut,False,0.860524528807851,0.555555555555556
smallcut,2000,C05C3_1585_segment.fcs,Segment,flowmop,False,1.0,0.411404272885335
smallcut,2000,C05C3_1585_segment.fcs,Segment,peacoqc,False,1.0,0.655154067710684
smallcut,2000,C05C3_1585_segment.fcs,Segment,flowcut,False,1.0,0.766120521172638
smallcut,2000,C05C3_3565_segment.fcs,Segment,flowmop,False,1.0,0.867252949852507
smallcut,2000,C05C3_3565_segment.fcs,Segment,peacoqc,False,1.0,0.712724242424242
smallcut,2000,C05C3_3565_segment.fcs,Segment,flowcut,False,0.676803062078565,0.852941176470588
smallcut,2000,C05C3_9010_segment.fcs,Segment,flowmop,False,0.998655266028975,0.476763565891473
smallcut,2000,C05C3_9010_segment.fcs,Segment,peacoqc,False,1.0,0.569472117256384
smallcut,2000,C05C3_9010_segment.fcs,Segment,flowcut,False,1.0,0.604056844406656
smallcut,2000,C1C05_3070_segment.fcs,Segment,flowmop,False,0.708115639150122,0.4
smallcut,2000,C1C05_3070_segment.fcs,Segment,peacoqc,False,0.992946329247791,0.792452830188679
smallcut,2000,C1C05_3070_segment.fcs,Segment,flowcut,False,0.693046540734057,0.0952380952380952
smallcut,2000,C1C05_9010_segment.fcs,Segment,flowmop,False,1.0,0.686978922716628
smallcut,2000,C1C05_9010_segment.fcs,Segment,peacoqc,False,1.0,0.830050933786078
smallcut,2000,C1C05_9010_segment.fcs,Segment,flowcut,False,0.918865388696329,0.603207547169811
smallcut,2000,C1C3_2575_segment.fcs,Segment,flowmop,False,1.0,0.753642441500557
smallcut,2000,C1C3_2575_segment.fcs,Segment,peacoqc,False,1.0,0.915363909774436
smallcut,2000,C1C3_2575_segment.fcs,Segment,flowcut,False,0.769356288561609,0.63519313304721
smallcut,2000,C1C3_4555_segment.fcs,Segment,flowmop,False,0.622321583615026,0.958904109589041
smallcut,2000,C1C3_4555_segment.fcs,Segment,peacoqc,False,0.363354037267081,0.0899039546555729
smallcut,2000,C1C3_4555_segment.fcs,Segment,flowcut,False,0.554638041163946,0.563248470563768
smallcut,2000,C1C3_7525_segment.fcs,Segment,flowmop,False,1.0,0.856895144838841
smallcut,2000,C1C3_7525_segment.fcs,Segment,peacoqc,False,0.950277029960921,0.749724805630433
smallcut,2000,C1C3_7525_segment.fcs,Segment,flowcut,False,0.747943027559633,0.151515151515152
smallcut,2000,C3C05_4555_segment.fcs,Segment,flowmop,False,0.959208805774983,0.947712418300654
smallcut,2000,C3C05_4555_segment.fcs,Segment,peacoqc,False,1.0,0.915545
smallcut,2000,C3C05_4555_segment.fcs,Segment,flowcut,False,0.533494747509572,0.187172448215623
smallcut,2000,A05A1_3565_bimix.fcs,Bimix,flowmop,False,0.652113620324629,0.3874375
smallcut,2000,A05A1_3565_bimix.fcs,Bimix,peacoqc,False,0.659394285714286,0.416829268292683
smallcut,2000,A05A1_3565_bimix.fcs,Bimix,flowcut,False,0.656954122111073,0.562210526315789
smallcut,2000,A05A1_4555_bimix.fcs,Bimix,flowmop,False,0.544871912504129,0.37722972972973
smallcut,2000,A05A1_4555_bimix.fcs,Bimix,peacoqc,False,0.534144927536232,0.324255121042831
smallcut,2000,A05A1_4555_bimix.fcs,Bimix,flowcut,False,0.550212827357334,0.458
smallcut,2000,A05A1_5545_bimix.fcs,Bimix,flowmop,False,0.556043981535178,0.577067307692308
smallcut,2000,A05A1_5545_bimix.fcs,Bimix,peacoqc,False,0.54605303030303,0.422705314009662
smallcut,2000,A05A1_5545_bimix.fcs,Bimix,flowcut,False,0.555764339237838,0.614709677419355
smallcut,2000,A05A1_7030_bimix.fcs,Bimix,flowmop,False,0.738831804281346,0.754078506803448
smallcut,2000,A05A1_7030_bimix.fcs,Bimix,peacoqc,False,0.687679144385027,0.254324563520798
smallcut,2000,A05A1_7030_bimix.fcs,Bimix,flowcut,False,0.70453411006125,0.409931034482759
smallcut,2000,A05A3_1585_bimix.fcs,Bimix,flowmop,False,0.872334462931657,0.4575625
smallcut,2000,A05A3_1585_bimix.fcs,Bimix,peacoqc,False,0.8514836976743,0.175908571428571
smallcut,2000,A05A3_1585_bimix.fcs,Bimix,flowcut,False,0.991033211916063,0.671784397163121
smallcut,2000,A05A3_2080_bimix.fcs,Bimix,flowmop,False,0.812848726226995,0.513091787439613
smallcut,2000,A05A3_2080_bimix.fcs,Bimix,peacoqc,False,0.802109559470563,0.217429193899782
smallcut,2000,A05A3_2080_bimix.fcs,Bimix,flowcut,False,0.972984523828695,0.780756756756757
smallcut,2000,A05A3_7525_bimix.fcs,Bimix,flowmop,False,0.871834582376405,0.734294294294294
smallcut,2000,A05A3_7525_bimix.fcs,Bimix,peacoqc,False,0.723685005393743,0.188761472496134
smallcut,2000,A05A3_7525_bimix.fcs,Bimix,flowcut,False,0.980580389857834,0.695522123893805
smallcut,2000,A05A3_9010_bimix.fcs,Bimix,flowmop,False,0.999005986671185,0.41405017921147
smallcut,2000,A05A3_9010_bimix.fcs,Bimix,peacoqc,False,0.887889447236181,0.0286473715298287
smallcut,2000,A05A3_9010_bimix.fcs,Bimix,flowcut,False,0.992829496842534,0.599232876712329
smallcut,2000,A1A3_6040_bimix.fcs,Bimix,flowmop,False,0.617043283896976,0.648667763157895
smallcut,2000,A1A3_6040_bimix.fcs,Bimix,peacoqc,False,0.722519354947767,0.510392712550607
smallcut,2000,A1A3_6040_bimix.fcs,Bimix,flowcut,False,0.598101373486175,0.341283018867925
smallcut,2000,A1A3_7525_bimix.fcs,Bimix,flowmop,False,0.782444486196783,0.528169398907104
smallcut,2000,A1A3_7525_bimix.fcs,Bimix,peacoqc,False,0.774735783772745,0.31553125
smallcut,2000,A1A3_7525_bimix.fcs,Bimix,flowcut,False,0.949223022101506,0.742306930693069
smallcut,2000,B05B1_6040_bimix.fcs,Bimix,flowmop,False,0.607362670713202,0.522525252525253
smallcut,2000,B05B1_6040_bimix.fcs,Bimix,peacoqc,False,0.617248237208461,0.465567010309278
smallcut,2000,B05B1_6040_bimix.fcs,Bimix,flowcut,False,0.595423272509722,0.298
smallcut,2000,B05B1_6535_bimix.fcs,Bimix,flowmop,False,0.67682242002072,0.633267973856209
smallcut,2000,B05B1_6535_bimix.fcs,Bimix,peacoqc,False,0.637922540479588,0.308166666666667
smallcut,2000,B05B1_6535_bimix.fcs,Bimix,flowcut,False,0.645134062883242,0.216
smallcut,2000,B05B1_7525_bimix.fcs,Bimix,flowmop,False,0.803357593119043,0.7405
smallcut,2000,B05B1_7525_bimix.fcs,Bimix,peacoqc,False,0.748455011640588,0.242215053763441
smallcut,2000,B05B1_7525_bimix.fcs,Bimix,flowcut,False,0.750400232371199,0.267333333333333
smallcut,2000,B05B3_6040_bimix.fcs,Bimix,flowmop,False,0.618812260536398,0.833019105077929
smallcut,2000,B05B3_6040_bimix.fcs,Bimix,peacoqc,False,0.595923795464379,0.381119402985075
smallcut,2000,B05B3_6040_bimix.fcs,Bimix,flowcut,False,0.596674264068569,0.2364
smallcut,2000,B05B3_7525_bimix.fcs,Bimix,flowmop,False,0.780513852344838,0.625523809523809
smallcut,2000,B05B3_7525_bimix.fcs,Bimix,peacoqc,False,0.738789163722026,0.214585503795208
smallcut,2000,B05B3_7525_bimix.fcs,Bimix,flowcut,False,0.960673469387755,0.744870565675935
smallcut,2000,B05B3_9010_bimix.fcs,Bimix,flowmop,False,1.0,0.487126436781609
smallcut,2000,B05B3_9010_bimix.fcs,Bimix,peacoqc,False,0.894605809128631,0.0868357635910632
smallcut,2000,B05B3_9010_bimix.fcs,Bimix,flowcut,False,0.99433152324513,0.500247422680412
smallcut,2000,B1B3_1585_bimix.fcs,Bimix,flowmop,False,0.858727557596643,0.319508620689655
smallcut,2000,B1B3_1585_bimix.fcs,Bimix,peacoqc,False,0.846465439778615,0.107891891891892
smallcut,2000,B1B3_1585_bimix.fcs,Bimix,flowcut,False,0.974917411619455,0.748432632880099
smallcut,2000,B1B3_5545_bimix.fcs,Bimix,flowmop,False,0.552007625154704,0.488235294117647
smallcut,2000,B1B3_5545_bimix.fcs,Bimix,peacoqc,False,0.6199375,0.62203003816324
smallcut,2000,B1B3_5545_bimix.fcs,Bimix,flowcut,False,0.545621951219512,0.296749683410722
smallcut,2000,B1B3_8020_bimix.fcs,Bimix,flowmop,False,0.816876100998238,0.43915123777824
smallcut,2000,B1B3_8020_bimix.fcs,Bimix,peacoqc,False,0.802408593862903,0.214084507042254
smallcut,2000,B1B3_8020_bimix.fcs,Bimix,flowcut,False,0.803437426037563,0.424454545454545
smallcut,2000,C05C1_8515_bimix.fcs,Bimix,flowmop,False,0.903587863869863,0.457923076923077
smallcut,2000,C05C1_8515_bimix.fcs,Bimix,peacoqc,False,0.859226841721371,0.434181818181818
smallcut,2000,C05C1_8515_bimix.fcs,Bimix,flowcut,False,0.860708301108533,0.326666666666667
smallcut,2000,C05C3_7030_bimix.fcs,Bimix,flowmop,False,0.715022946462395,0.653623188405797
smallcut,2000,C05C3_7030_bimix.fcs,Bimix,peacoqc,False,0.750255238095238,0.480410066254056
smallcut,2000,C05C3_7030_bimix.fcs,Bimix,flowcut,False,0.962054862842893,0.688490920105797
smallcut,2000,C05C3_8515_bimix.fcs,Bimix,flowmop,False,0.992094801223242,0.565631710808876
smallcut,2000,C05C3_8515_bimix.fcs,Bimix,peacoqc,False,0.999701754385965,0.427386836628512
smallcut,2000,C05C3_8515_bimix.fcs,Bimix,flowcut,False,0.980095693779904,0.650987909171336
smallcut,2000,C1C05_4060_bimix.fcs,Bimix,flowmop,False,0.631456921820191,0.66125313283208
smallcut,2000,C1C05_4060_bimix.fcs,Bimix,peacoqc,False,0.592787452575952,0.318113821138211
smallcut,2000,C1C05_4060_bimix.fcs,Bimix,flowcut,False,0.585726066857156,0.225754385964912
smallcut,2000,C1C05_6040_bimix.fcs,Bimix,flowmop,False,0.602034503206334,0.425186046511628
smallcut,2000,C1C05_6040_bimix.fcs,Bimix,peacoqc,False,0.594283269519255,0.305422222222222
smallcut,2000,C1C05_6040_bimix.fcs,Bimix,flowcut,False,0.61961437184286,0.644804597701149
smallcut,2000,C1C3_1090_bimix.fcs,Bimix,flowmop,False,0.916739024790245,0.320231481481482
smallcut,2000,C1C3_1090_bimix.fcs,Bimix,peacoqc,False,0.899988218782813,
smallcut,2000,C1C3_1090_bimix.fcs,Bimix,flowcut,False,0.991580590502484,0.559518987341772
smallcut,2000,C3C05_4060_bimix.fcs,Bimix,flowmop,False,0.61940469041457,0.873506493506493
smallcut,2000,C3C05_4060_bimix.fcs,Bimix,peacoqc,False,0.58925690787495,0.248461538461538
smallcut,2000,C3C05_4060_bimix.fcs,Bimix,flowcut,False,0.595495112175699,0.243090909090909
smallcut,2000,C3C1_3565_bimix.fcs,Bimix,flowmop,False,0.645614050771677,0.242755681818182
smallcut,2000,C3C1_3565_bimix.fcs,Bimix,peacoqc,False,0.650917496357656,0.394681818181818
smallcut,2000,C3C1_3565_bimix.fcs,Bimix,flowcut,False,0.647901084869296,0.213461538461538
smallcut,2000,C3C1_8020_bimix.fcs,Bimix,flowmop,False,0.816330935251799,0.512302962103155
smallcut,2000,C3C1_8020_bimix.fcs,Bimix,peacoqc,False,0.798572748788459,0.14712183973718
smallcut,2000,C3C1_8020_bimix.fcs,Bimix,flowcut,False,0.816699077420933,0.624337209302326
smallcut,2000,A05A1A3_405010_trimix.fcs,Trimix,flowmop,False,0.506726910504893,0.644
smallcut,2000,A05A1A3_405010_trimix.fcs,Trimix,peacoqc,False,0.50012830518583,0.500675555555556
smallcut,2000,A05A1A3_405010_trimix.fcs,Trimix,flowcut,False,0.539620561180996,0.794829931972789
smallcut,2000,A1A05A3_501535_trimix.fcs,Trimix,flowmop,False,0.500866183833179,0.541452991452991
smallcut,2000,A1A05A3_501535_trimix.fcs,Trimix,peacoqc,False,0.504208157524613,0.523386405388855
smallcut,2000,A1A05A3_501535_trimix.fcs,Trimix,flowcut,False,0.502927492593852,0.637466666666667
smallcut,2000,A1A3A05_106525_trimix.fcs,Trimix,flowmop,False,0.652667002863455,0.425032467532468
smallcut,2000,A1A3A05_106525_trimix.fcs,Trimix,peacoqc,False,0.661306301778971,0.472933797909408
smallcut,2000,A1A3A05_106525_trimix.fcs,Trimix,flowcut,False,0.668184259821254,0.765464788732394
smallcut,2000,A1A3A05_252055_trimix.fcs,Trimix,flowmop,False,0.602120376121214,0.967040229885057
smallcut,2000,A1A3A05_252055_trimix.fcs,Trimix,peacoqc,False,0.534226725859423,0.388102564102564
smallcut,2000,A1A3A05_252055_trimix.fcs,Trimix,flowcut,False,0.701892988929889,0.823880325558132
smallcut,2000,A3A05A1_454510_trimix.fcs,Trimix,flowmop,False,0.899614200537781,0.0947692307692308
smallcut,2000,A3A05A1_454510_trimix.fcs,Trimix,peacoqc,False,0.860452173913044,0.0895841910251132
smallcut,2000,A3A05A1_454510_trimix.fcs,Trimix,flowcut,False,0.901119692546469,0.154545454545455
smallcut,2000,A3A1A05_106525_trimix.fcs,Trimix,flowmop,False,0.660864996137593,0.46635989010989
smallcut,2000,A3A1A05_106525_trimix.fcs,Trimix,peacoqc,False,0.647464570099812,0.293413533834586
smallcut,2000,A3A1A05_106525_trimix.fcs,Trimix,flowcut,False,0.723611647136494,0.750222222222222
smallcut,2000,A3A1A05_305020_trimix.fcs,Trimix,flowmop,False,0.506487226277372,0.608740536820372
smallcut,2000,A3A1A05_305020_trimix.fcs,Trimix,peacoqc,False,0.50585315706818,0.595222222222222
smallcut,2000,A3A1A05_305020_trimix.fcs,Trimix,flowcut,False,0.502926802706272,0.670894736842105
smallcut,2000,A3A1A05_502525_trimix.fcs,Trimix,flowmop,False,0.488844588815647,0.348088235294118
smallcut,2000,A3A1A05_502525_trimix.fcs,Trimix,peacoqc,False,0.691404761904762,0.597737413526887
smallcut,2000,A3A1A05_502525_trimix.fcs,Trimix,flowcut,False,0.502147995889003,0.599485910129474
smallcut,2000,B1B05B3_103060_trimix.fcs,Trimix,flowmop,False,0.613565164801935,0.641182795698925
smallcut,2000,B1B05B3_103060_trimix.fcs,Trimix,peacoqc,False,0.788090277777778,0.531928884559182
smallcut,2000,B1B05B3_103060_trimix.fcs,Trimix,flowcut,False,0.613985951277836,0.717220338983051
smallcut,2000,B1B05B3_205030_trimix.fcs,Trimix,flowmop,False,0.514549159956258,0.848452380952381
smallcut,2000,B1B05B3_205030_trimix.fcs,Trimix,peacoqc,False,0.482144702842377,0.285136815920398
smallcut,2000,B1B05B3_205030_trimix.fcs,Trimix,flowcut,False,0.492017792550591,0.1734
smallcut,2000,B1B05B3_355510_trimix.fcs,Trimix,flowmop,False,0.571921603394231,0.675982142857143
smallcut,2000,B1B05B3_355510_trimix.fcs,Trimix,peacoqc,False,0.533935483870968,0.312523429885287
smallcut,2000,B1B05B3_355510_trimix.fcs,Trimix,flowcut,False,0.589486806192883,0.733569892473118
smallcut,2000,B1B3B05_101080_trimix.fcs,Trimix,flowmop,False,0.901233832285633,0.666313725490196
smallcut,2000,B1B3B05_101080_trimix.fcs,Trimix,peacoqc,False,0.789475175830975,0.169939393939394
smallcut,2000,B1B3B05_101080_trimix.fcs,Trimix,flowcut,False,0.878549577909876,0.704779220779221
smallcut,2000,B1B3B05_302545_trimix.fcs,Trimix,flowmop,False,0.474249501900313,0.929183006535948
smallcut,2000,B1B3B05_302545_trimix.fcs,Trimix,peacoqc,False,0.446086606182076,0.536937634408602
smallcut,2000,B1B3B05_302545_trimix.fcs,Trimix,flowcut,False,0.446407812136712,0.363052631578947
smallcut,2000,B1B3B05_504010_trimix.fcs,Trimix,flowmop,False,0.505984629294756,0.607297270536981
smallcut,2000,B1B3B05_504010_trimix.fcs,Trimix,peacoqc,False,0.50031568627451,0.50139838196974
smallcut,2000,B1B3B05_504010_trimix.fcs,Trimix,flowcut,False,0.505774942154096,0.744037735849057
smallcut,2000,B1B3B05_651025_trimix.fcs,Trimix,flowmop,False,0.665482605945604,0.534300392867936
smallcut,2000,B1B3B05_651025_trimix.fcs,Trimix,peacoqc,False,0.654200860755433,0.37858064516129
smallcut,2000,B1B3B05_651025_trimix.fcs,Trimix,flowcut,False,0.651107309191142,0.409333333333333
smallcut,2000,C1C3C05_106030_trimix.fcs,Trimix,flowmop,False,0.624662770105768,0.767863247863248
smallcut,2000,C1C3C05_106030_trimix.fcs,Trimix,peacoqc,False,0.793665071770335,0.540360517880188
smallcut,2000,C1C3C05_106030_trimix.fcs,Trimix,flowcut,False,0.610135400988887,0.786421052631579
smallcut,2000,C1C3C05_352045_trimix.fcs,Trimix,flowmop,False,0.463366818771436,0.854299516908213
smallcut,2000,C1C3C05_352045_trimix.fcs,Trimix,peacoqc,False,0.446728778467909,0.433243664165369
smallcut,2000,C1C3C05_352045_trimix.fcs,Trimix,flowcut,False,0.500013153533302,0.711897435897436
smallcut,2000,C1C3C05_353530_trimix.fcs,Trimix,flowmop,False,0.698571428571429,0.257335609201008
smallcut,2000,C1C3C05_353530_trimix.fcs,Trimix,peacoqc,False,0.704128476384403,0.465662337662338
smallcut,2000,C1C3C05_353530_trimix.fcs,Trimix,flowcut,False,0.718526965494693,0.750774193548387
smallcut,2000,C1C3C05_801010_trimix.fcs,Trimix,flowmop,False,0.823031381816663,0.461603927986907
smallcut,2000,C1C3C05_801010_trimix.fcs,Trimix,peacoqc,False,0.796758293838863,0.0585291173526468
smallcut,2000,C1C3C05_801010_trimix.fcs,Trimix,flowcut,False,0.927066046715605,0.698260586319218
smallcut,2000,C3C1C05_101080_trimix.fcs,Trimix,flowmop,False,0.934859093600864,0.682866043613707
smallcut,2000,C3C1C05_101080_trimix.fcs,Trimix,peacoqc,False,0.793966401414677,0.0489825319647038
smallcut,2000,C3C1C05_101080_trimix.fcs,Trimix,flowcut,False,0.872832094530208,0.637428571428571
smallcut,2000,C3C1C05_107020_trimix.fcs,Trimix,flowmop,False,0.716141799354883,0.554910714285714
smallcut,2000,C3C1C05_107020_trimix.fcs,Trimix,peacoqc,False,0.703746137478841,0.4055625
smallcut,2000,C3C1C05_107020_trimix.fcs,Trimix,flowcut,False,0.714334907786469,0.727508196721312
smallcut,2000,C3C1C05_204040_trimix.fcs,Trimix,flowmop,False,0.797408423550348,0.1301
smallcut,2000,C3C1C05_204040_trimix.fcs,Trimix,peacoqc,False,0.805082993197279,0.542124542124542
smallcut,2000,C3C1C05_204040_trimix.fcs,Trimix,flowcut,False,0.796952745473281,0.0965
smallcut,2000,C3C1C05_301555_trimix.fcs,Trimix,flowmop,False,0.558053598233151,0.824222222222222
smallcut,2000,C3C1C05_301555_trimix.fcs,Trimix,peacoqc,False,0.54430303030303,0.378044115772026
smallcut,2000,C3C1C05_301555_trimix.fcs,Trimix,flowcut,False,0.545647537615684,0.35372972972973
