sample,eligible,minimum_live_cd45_across_displayed_workflows,complete_endpoint_vector,available_in_debris_pdf,debris_direction_match,robust_standardized_rms_distance,eligible_rank,selected,selected_debris,selection_rule,debris_selection_rule,vector_labels_json,endpoint_vector_json
1A,True,114663,True,False,False,0.9647346759518027,8,False,False,minimum robust-standardized RMS distance from cohort-median endpoint vector among eligible samples supplied in the FlowJo debris PDF; scale=1.4826*MAD with SD fallback,minimum full-vector robust-standardized RMS distance among eligible samples with FlowMOP debris-controlled Live CD45+ retention below Nadia Manual,"[""B|live_cd45|count|time|Nadia Manual"",""B|live_cd45|count|time|FlowMOP"",""B|live_cd45|count|time|PeacoQC"",""B|live_cd45|count|time|FlowCut"",""D|live_cd45|count|debris|Nadia Manual"",""D|live_cd45|count|debris|FlowMOP"",""D|live_cd45|count|doublet|Nadia Manual"",""D|live_cd45|count|doublet|FlowMOP"",""D|live_cd45|count|all steps|Nadia Manual"",""D|live_cd45|count|all steps|FlowMOP"",""B|b_cells|count|time|Nadia Manual"",""B|b_cells|count|time|FlowMOP"",""B|b_cells|count|time|PeacoQC"",""B|b_cells|count|time|FlowCut"",""D|b_cells|count|debris|Nadia Manual"",""D|b_cells|count|debris|FlowMOP"",""D|b_cells|count|doublet|Nadia Manual"",""D|b_cells|count|doublet|FlowMOP"",""D|b_cells|count|all steps|Nadia Manual"",""D|b_cells|count|all steps|FlowMOP"",""B|t_cells|count|time|Nadia Manual"",""B|t_cells|count|time|FlowMOP"",""B|t_cells|count|time|PeacoQC"",""B|t_cells|count|time|FlowCut"",""D|t_cells|count|debris|Nadia Manual"",""D|t_cells|count|debris|FlowMOP"",""D|t_cells|count|doublet|Nadia Manual"",""D|t_cells|count|doublet|FlowMOP"",""D|t_cells|count|all steps|Nadia Manual"",""D|t_cells|count|all steps|FlowMOP"",""B|nkt_cells|count|time|Nadia Manual"",""B|nkt_cells|count|time|FlowMOP"",""B|nkt_cells|count|time|PeacoQC"",""B|nkt_cells|count|time|FlowCut"",""D|nkt_cells|count|debris|Nadia Manual"",""D|nkt_cells|count|debris|FlowMOP"",""D|nkt_cells|count|doublet|Nadia Manual"",""D|nkt_cells|count|doublet|FlowMOP"",""D|nkt_cells|count|all steps|Nadia Manual"",""D|nkt_cells|count|all steps|FlowMOP""]","[0.8384857587968106,0.9284488821986604,0.7537221700004602,0.9170375142149098,0.9762888807249571,0.9996938525593926,0.9872222523198848,0.94605638926081,0.8046960262937098,0.8678564444192105,0.9767441860465116,0.9302325581395349,0.7674418604651163,0.9302325581395349,1.0,1.0,0.9767441860465116,0.9069767441860465,0.9333333333333333,0.8444444444444444,0.8387835053225714,0.9287174516814765,0.7540540320413099,0.916850601487225,0.9925212748527867,0.9998650745463131,0.9919858982632902,0.9821609177687662,0.8252995151660857,0.9110470008414473,0.8384150104925318,0.9290211085051229,0.7615109245772127,0.9160597457104062,0.9827810736507018,1.0,0.9852045256744996,0.9656222802436901,0.8105979233798782,0.8941401121852249]"
1B,True,63715,True,False,False,1.0669732662142943,9,False,False,minimum robust-standardized RMS distance from cohort-median endpoint vector among eligible samples supplied in the FlowJo debris PDF; scale=1.4826*MAD with SD fallback,minimum full-vector robust-standardized RMS distance among eligible samples with FlowMOP debris-controlled Live CD45+ retention below Nadia Manual,"[""B|live_cd45|count|time|Nadia Manual"",""B|live_cd45|count|time|FlowMOP"",""B|live_cd45|count|time|PeacoQC"",""B|live_cd45|count|time|FlowCut"",""D|live_cd45|count|debris|Nadia Manual"",""D|live_cd45|count|debris|FlowMOP"",""D|live_cd45|count|doublet|Nadia Manual"",""D|live_cd45|count|doublet|FlowMOP"",""D|live_cd45|count|all steps|Nadia Manual"",""D|live_cd45|count|all steps|FlowMOP"",""B|b_cells|count|time|Nadia Manual"",""B|b_cells|count|time|FlowMOP"",""B|b_cells|count|time|PeacoQC"",""B|b_cells|count|time|FlowCut"",""D|b_cells|count|debris|Nadia Manual"",""D|b_cells|count|debris|FlowMOP"",""D|b_cells|count|doublet|Nadia Manual"",""D|b_cells|count|doublet|FlowMOP"",""D|b_cells|count|all steps|Nadia Manual"",""D|b_cells|count|all steps|FlowMOP"",""B|t_cells|count|time|Nadia Manual"",""B|t_cells|count|time|FlowMOP"",""B|t_cells|count|time|PeacoQC"",""B|t_cells|count|time|FlowCut"",""D|t_cells|count|debris|Nadia Manual"",""D|t_cells|count|debris|FlowMOP"",""D|t_cells|count|doublet|Nadia Manual"",""D|t_cells|count|doublet|FlowMOP"",""D|t_cells|count|all steps|Nadia Manual"",""D|t_cells|count|all steps|FlowMOP"",""B|nkt_cells|count|time|Nadia Manual"",""B|nkt_cells|count|time|FlowMOP"",""B|nkt_cells|count|time|PeacoQC"",""B|nkt_cells|count|time|FlowCut"",""D|nkt_cells|count|debris|Nadia Manual"",""D|nkt_cells|count|debris|FlowMOP"",""D|nkt_cells|count|doublet|Nadia Manual"",""D|nkt_cells|count|doublet|FlowMOP"",""D|nkt_cells|count|all steps|Nadia Manual"",""D|nkt_cells|count|all steps|FlowMOP""]","[0.7185923690450529,0.9234317740892434,0.7355141194222893,0.9446001293382195,0.9711726147123089,1.0,0.9870458650401208,0.9432830959642318,0.6851966043863436,0.8577521530903784,0.8260869565217391,0.9782608695652174,0.782608695652174,0.9782608695652174,1.0,1.0,0.95,0.7,0.7450980392156863,0.6666666666666666,0.7183916110678794,0.923012157317991,0.734592863794665,0.9442778961333861,0.9914611172731914,1.0,0.9911993522723272,0.9777695638398987,0.7050972241351247,0.9006974094431993,0.7100044072278536,0.9224327897752314,0.7320405464962538,0.9449096518289996,0.978439113270574,1.0,0.9844179651695693,0.9611976779712802,0.6839312247930376,0.8843133092761621]"
2A,True,148461,True,False,False,0.8139211040825707,5,False,False,minimum robust-standardized RMS distance from cohort-median endpoint vector among eligible samples supplied in the FlowJo debris PDF; scale=1.4826*MAD with SD fallback,minimum full-vector robust-standardized RMS distance among eligible samples with FlowMOP debris-controlled Live CD45+ retention below Nadia Manual,"[""B|live_cd45|count|time|Nadia Manual"",""B|live_cd45|count|time|FlowMOP"",""B|live_cd45|count|time|PeacoQC"",""B|live_cd45|count|time|FlowCut"",""D|live_cd45|count|debris|Nadia Manual"",""D|live_cd45|count|debris|FlowMOP"",""D|live_cd45|count|doublet|Nadia Manual"",""D|live_cd45|count|doublet|FlowMOP"",""D|live_cd45|count|all steps|Nadia Manual"",""D|live_cd45|count|all steps|FlowMOP"",""B|b_cells|count|time|Nadia Manual"",""B|b_cells|count|time|FlowMOP"",""B|b_cells|count|time|PeacoQC"",""B|b_cells|count|time|FlowCut"",""D|b_cells|count|debris|Nadia Manual"",""D|b_cells|count|debris|FlowMOP"",""D|b_cells|count|doublet|Nadia Manual"",""D|b_cells|count|doublet|FlowMOP"",""D|b_cells|count|all steps|Nadia Manual"",""D|b_cells|count|all steps|FlowMOP"",""B|t_cells|count|time|Nadia Manual"",""B|t_cells|count|time|FlowMOP"",""B|t_cells|count|time|PeacoQC"",""B|t_cells|count|time|FlowCut"",""D|t_cells|count|debris|Nadia Manual"",""D|t_cells|count|debris|FlowMOP"",""D|t_cells|count|doublet|Nadia Manual"",""D|t_cells|count|doublet|FlowMOP"",""D|t_cells|count|all steps|Nadia Manual"",""D|t_cells|count|all steps|FlowMOP"",""B|nkt_cells|count|time|Nadia Manual"",""B|nkt_cells|count|time|FlowMOP"",""B|nkt_cells|count|time|PeacoQC"",""B|nkt_cells|count|time|FlowCut"",""D|nkt_cells|count|debris|Nadia Manual"",""D|nkt_cells|count|debris|FlowMOP"",""D|nkt_cells|count|doublet|Nadia Manual"",""D|nkt_cells|count|doublet|FlowMOP"",""D|nkt_cells|count|all steps|Nadia Manual"",""D|nkt_cells|count|all steps|FlowMOP""]","[0.7847953335230275,0.9080118694362018,0.8033159221169871,0.9624456322913703,0.9835140693950065,1.0,0.972491389786114,0.9347575603029787,0.7491948001552192,0.8407159487776484,0.7798783036834038,0.9042686608760276,0.8001765061080404,0.9627943703841331,0.9887521347388257,1.0,0.8725704188753768,0.8330734850847106,0.6720300992635286,0.7514008965738073,0.7854670860098846,0.9084589136743938,0.8038760913650107,0.9625809036927299,0.9916296182738004,1.0,0.9904831905429099,0.9747417905076908,0.77075873573833,0.8834102892549673,0.7767722473604827,0.9049773755656109,0.806184012066365,0.9600301659125189,0.9932497589199615,1.0,0.9563602599814299,0.9387186629526463,0.7426099495313626,0.8536409516943042]"
3A,True,40129,True,False,False,1.6501039289549149,21,False,False,minimum robust-standardized RMS distance from cohort-median endpoint vector among eligible samples supplied in the FlowJo debris PDF; scale=1.4826*MAD with SD fallback,minimum full-vector robust-standardized RMS distance among eligible samples with FlowMOP debris-controlled Live CD45+ retention below Nadia Manual,"[""B|live_cd45|count|time|Nadia Manual"",""B|live_cd45|count|time|FlowMOP"",""B|live_cd45|count|time|PeacoQC"",""B|live_cd45|count|time|FlowCut"",""D|live_cd45|count|debris|Nadia Manual"",""D|live_cd45|count|debris|FlowMOP"",""D|live_cd45|count|doublet|Nadia Manual"",""D|live_cd45|count|doublet|FlowMOP"",""D|live_cd45|count|all steps|Nadia Manual"",""D|live_cd45|count|all steps|FlowMOP"",""B|b_cells|count|time|Nadia Manual"",""B|b_cells|count|time|FlowMOP"",""B|b_cells|count|time|PeacoQC"",""B|b_cells|count|time|FlowCut"",""D|b_cells|count|debris|Nadia Manual"",""D|b_cells|count|debris|FlowMOP"",""D|b_cells|count|doublet|Nadia Manual"",""D|b_cells|count|doublet|FlowMOP"",""D|b_cells|count|all steps|Nadia Manual"",""D|b_cells|count|all steps|FlowMOP"",""B|t_cells|count|time|Nadia Manual"",""B|t_cells|count|time|FlowMOP"",""B|t_cells|count|time|PeacoQC"",""B|t_cells|count|time|FlowCut"",""D|t_cells|count|debris|Nadia Manual"",""D|t_cells|count|debris|FlowMOP"",""D|t_cells|count|doublet|Nadia Manual"",""D|t_cells|count|doublet|FlowMOP"",""D|t_cells|count|all steps|Nadia Manual"",""D|t_cells|count|all steps|FlowMOP"",""B|nkt_cells|count|time|Nadia Manual"",""B|nkt_cells|count|time|FlowMOP"",""B|nkt_cells|count|time|PeacoQC"",""B|nkt_cells|count|time|FlowCut"",""D|nkt_cells|count|debris|Nadia Manual"",""D|nkt_cells|count|debris|FlowMOP"",""D|nkt_cells|count|doublet|Nadia Manual"",""D|nkt_cells|count|doublet|FlowMOP"",""D|nkt_cells|count|all steps|Nadia Manual"",""D|nkt_cells|count|all steps|FlowMOP""]","[0.7274812010026132,0.9548646294419854,0.8159564823209429,0.8060903418484348,0.9647782728622958,1.0,0.9825922013061852,0.9635276603918556,0.6868925927790926,0.9144972052973462,0.7268680062567682,0.9565635904223319,0.8150643725183492,0.8024305137769222,0.9851598173515982,1.0,0.9526888503390633,0.9377069862797666,0.6809062218214608,0.8950631199278629,0.7266411391098985,0.9542338293628047,0.8153073624836631,0.8064109325201202,0.9785703257681025,1.0,0.9918004569211029,0.9822864832723062,0.7039315859617947,0.93500666370502,0.7358078602620087,0.9475982532751092,0.8231441048034934,0.8056768558951966,0.9711815561959655,1.0,0.9768115942028985,0.9420289855072463,0.6905737704918032,0.889344262295082]"
3B,True,57043,True,False,False,0.6710236302700799,3,False,False,minimum robust-standardized RMS distance from cohort-median endpoint vector among eligible samples supplied in the FlowJo debris PDF; scale=1.4826*MAD with SD fallback,minimum full-vector robust-standardized RMS distance among eligible samples with FlowMOP debris-controlled Live CD45+ retention below Nadia Manual,"[""B|live_cd45|count|time|Nadia Manual"",""B|live_cd45|count|time|FlowMOP"",""B|live_cd45|count|time|PeacoQC"",""B|live_cd45|count|time|FlowCut"",""D|live_cd45|count|debris|Nadia Manual"",""D|live_cd45|count|debris|FlowMOP"",""D|live_cd45|count|doublet|Nadia Manual"",""D|live_cd45|count|doublet|FlowMOP"",""D|live_cd45|count|all steps|Nadia Manual"",""D|live_cd45|count|all steps|FlowMOP"",""B|b_cells|count|time|Nadia Manual"",""B|b_cells|count|time|FlowMOP"",""B|b_cells|count|time|PeacoQC"",""B|b_cells|count|time|FlowCut"",""D|b_cells|count|debris|Nadia Manual"",""D|b_cells|count|debris|FlowMOP"",""D|b_cells|count|doublet|Nadia Manual"",""D|b_cells|count|doublet|FlowMOP"",""D|b_cells|count|all steps|Nadia Manual"",""D|b_cells|count|all steps|FlowMOP"",""B|t_cells|count|time|Nadia Manual"",""B|t_cells|count|time|FlowMOP"",""B|t_cells|count|time|PeacoQC"",""B|t_cells|count|time|FlowCut"",""D|t_cells|count|debris|Nadia Manual"",""D|t_cells|count|debris|FlowMOP"",""D|t_cells|count|doublet|Nadia Manual"",""D|t_cells|count|doublet|FlowMOP"",""D|t_cells|count|all steps|Nadia Manual"",""D|t_cells|count|all steps|FlowMOP"",""B|nkt_cells|count|time|Nadia Manual"",""B|nkt_cells|count|time|FlowMOP"",""B|nkt_cells|count|time|PeacoQC"",""B|nkt_cells|count|time|FlowCut"",""D|nkt_cells|count|debris|Nadia Manual"",""D|nkt_cells|count|debris|FlowMOP"",""D|nkt_cells|count|doublet|Nadia Manual"",""D|nkt_cells|count|doublet|FlowMOP"",""D|nkt_cells|count|all steps|Nadia Manual"",""D|nkt_cells|count|all steps|FlowMOP""]","[0.7902313624678663,0.9326207549722636,0.8271817074820728,0.8796238668651062,0.9593941982325306,1.0,0.9766889632107023,0.9538963210702341,0.7374122519064694,0.8819251552951871,0.7870516185476816,0.931583552055993,0.8271216097987751,0.8805774278215223,0.9791031780583369,1.0,0.9317452097358881,0.9100983946141895,0.7155583837098314,0.8454502068087815,0.7902614527481356,0.9325497319105087,0.8262221213126779,0.8792811359309779,0.9798181030749242,1.0,0.9899361162159797,0.9798941104401855,0.7653974322107008,0.9125124752609233,0.8301043219076006,0.9359165424739195,0.8047690014903129,0.886736214605067,0.9858407079646018,1.0,0.9789103690685413,0.9525483304042179,0.8014388489208633,0.8935251798561151]"
4A,True,36429,True,False,False,1.1739784496404138,15,False,False,minimum robust-standardized RMS distance from cohort-median endpoint vector among eligible samples supplied in the FlowJo debris PDF; scale=1.4826*MAD with SD fallback,minimum full-vector robust-standardized RMS distance among eligible samples with FlowMOP debris-controlled Live CD45+ retention below Nadia Manual,"[""B|live_cd45|count|time|Nadia Manual"",""B|live_cd45|count|time|FlowMOP"",""B|live_cd45|count|time|PeacoQC"",""B|live_cd45|count|time|FlowCut"",""D|live_cd45|count|debris|Nadia Manual"",""D|live_cd45|count|debris|FlowMOP"",""D|live_cd45|count|doublet|Nadia Manual"",""D|live_cd45|count|doublet|FlowMOP"",""D|live_cd45|count|all steps|Nadia Manual"",""D|live_cd45|count|all steps|FlowMOP"",""B|b_cells|count|time|Nadia Manual"",""B|b_cells|count|time|FlowMOP"",""B|b_cells|count|time|PeacoQC"",""B|b_cells|count|time|FlowCut"",""D|b_cells|count|debris|Nadia Manual"",""D|b_cells|count|debris|FlowMOP"",""D|b_cells|count|doublet|Nadia Manual"",""D|b_cells|count|doublet|FlowMOP"",""D|b_cells|count|all steps|Nadia Manual"",""D|b_cells|count|all steps|FlowMOP"",""B|t_cells|count|time|Nadia Manual"",""B|t_cells|count|time|FlowMOP"",""B|t_cells|count|time|PeacoQC"",""B|t_cells|count|time|FlowCut"",""D|t_cells|count|debris|Nadia Manual"",""D|t_cells|count|debris|FlowMOP"",""D|t_cells|count|doublet|Nadia Manual"",""D|t_cells|count|doublet|FlowMOP"",""D|t_cells|count|all steps|Nadia Manual"",""D|t_cells|count|all steps|FlowMOP"",""B|nkt_cells|count|time|Nadia Manual"",""B|nkt_cells|count|time|FlowMOP"",""B|nkt_cells|count|time|PeacoQC"",""B|nkt_cells|count|time|FlowCut"",""D|nkt_cells|count|debris|Nadia Manual"",""D|nkt_cells|count|debris|FlowMOP"",""D|nkt_cells|count|doublet|Nadia Manual"",""D|nkt_cells|count|doublet|FlowMOP"",""D|nkt_cells|count|all steps|Nadia Manual"",""D|nkt_cells|count|all steps|FlowMOP""]","[0.872589054581252,0.886790389032705,0.6641083603748131,0.8613957049622635,0.9579897526218878,1.0,0.9888236995413792,0.9400694128827005,0.8232006191418006,0.8113853297790008,0.8784602076124568,0.8961937716262975,0.6652249134948097,0.8620242214532872,0.9912152269399708,1.0,0.9407132931912923,0.8795738767948124,0.8176328502415459,0.784219001610306,0.8716311902220092,0.8854223403559991,0.6641539031351446,0.8617616941545567,0.9925324997519103,1.0,0.9932964222757404,0.986592844551481,0.8584640473789241,0.8719824903976139,0.8705882352941177,0.8705882352941177,0.6705882352941176,0.8352941176470589,1.0,1.0,0.961038961038961,0.961038961038961,0.8314606741573034,0.8314606741573034]"
5A,True,66590,True,False,False,1.075878850263152,11,False,False,minimum robust-standardized RMS distance from cohort-median endpoint vector among eligible samples supplied in the FlowJo debris PDF; scale=1.4826*MAD with SD fallback,minimum full-vector robust-standardized RMS distance among eligible samples with FlowMOP debris-controlled Live CD45+ retention below Nadia Manual,"[""B|live_cd45|count|time|Nadia Manual"",""B|live_cd45|count|time|FlowMOP"",""B|live_cd45|count|time|PeacoQC"",""B|live_cd45|count|time|FlowCut"",""D|live_cd45|count|debris|Nadia Manual"",""D|live_cd45|count|debris|FlowMOP"",""D|live_cd45|count|doublet|Nadia Manual"",""D|live_cd45|count|doublet|FlowMOP"",""D|live_cd45|count|all steps|Nadia Manual"",""D|live_cd45|count|all steps|FlowMOP"",""B|b_cells|count|time|Nadia Manual"",""B|b_cells|count|time|FlowMOP"",""B|b_cells|count|time|PeacoQC"",""B|b_cells|count|time|FlowCut"",""D|b_cells|count|debris|Nadia Manual"",""D|b_cells|count|debris|FlowMOP"",""D|b_cells|count|doublet|Nadia Manual"",""D|b_cells|count|doublet|FlowMOP"",""D|b_cells|count|all steps|Nadia Manual"",""D|b_cells|count|all steps|FlowMOP"",""B|t_cells|count|time|Nadia Manual"",""B|t_cells|count|time|FlowMOP"",""B|t_cells|count|time|PeacoQC"",""B|t_cells|count|time|FlowCut"",""D|t_cells|count|debris|Nadia Manual"",""D|t_cells|count|debris|FlowMOP"",""D|t_cells|count|doublet|Nadia Manual"",""D|t_cells|count|doublet|FlowMOP"",""D|t_cells|count|all steps|Nadia Manual"",""D|t_cells|count|all steps|FlowMOP"",""B|nkt_cells|count|time|Nadia Manual"",""B|nkt_cells|count|time|FlowMOP"",""B|nkt_cells|count|time|PeacoQC"",""B|nkt_cells|count|time|FlowCut"",""D|nkt_cells|count|debris|Nadia Manual"",""D|nkt_cells|count|debris|FlowMOP"",""D|nkt_cells|count|doublet|Nadia Manual"",""D|nkt_cells|count|doublet|FlowMOP"",""D|nkt_cells|count|all steps|Nadia Manual"",""D|nkt_cells|count|all steps|FlowMOP""]","[0.8313818285667659,0.9438721390396149,0.679184855779038,0.9403125127493779,0.9354142758778976,1.0,0.957095554564028,0.9799215649437569,0.7406209396778092,0.9254763354200929,0.8352835283528353,0.9504950495049505,0.6822682268226823,0.9261926192619262,0.9707112970711297,1.0,0.9080234833659491,0.9393346379647749,0.7324388318863457,0.8926598263614838,0.8317095434138708,0.9442633333954286,0.6807436523164621,0.9411896201635588,0.981662672324707,1.0,0.9840209821035,0.9911619501013841,0.8035238643726154,0.9359297386797207,0.8306081981601274,0.9429834541494653,0.681565517017196,0.9417156974287293,0.9782542113323124,1.0,0.983487933489858,0.9914168045879681,0.7991493088134108,0.9347907674985926]"
5B,True,39125,True,False,False,1.1983949205761741,16,False,False,minimum robust-standardized RMS distance from cohort-median endpoint vector among eligible samples supplied in the FlowJo debris PDF; scale=1.4826*MAD with SD fallback,minimum full-vector robust-standardized RMS distance among eligible samples with FlowMOP debris-controlled Live CD45+ retention below Nadia Manual,"[""B|live_cd45|count|time|Nadia Manual"",""B|live_cd45|count|time|FlowMOP"",""B|live_cd45|count|time|PeacoQC"",""B|live_cd45|count|time|FlowCut"",""D|live_cd45|count|debris|Nadia Manual"",""D|live_cd45|count|debris|FlowMOP"",""D|live_cd45|count|doublet|Nadia Manual"",""D|live_cd45|count|doublet|FlowMOP"",""D|live_cd45|count|all steps|Nadia Manual"",""D|live_cd45|count|all steps|FlowMOP"",""B|b_cells|count|time|Nadia Manual"",""B|b_cells|count|time|FlowMOP"",""B|b_cells|count|time|PeacoQC"",""B|b_cells|count|time|FlowCut"",""D|b_cells|count|debris|Nadia Manual"",""D|b_cells|count|debris|FlowMOP"",""D|b_cells|count|doublet|Nadia Manual"",""D|b_cells|count|doublet|FlowMOP"",""D|b_cells|count|all steps|Nadia Manual"",""D|b_cells|count|all steps|FlowMOP"",""B|t_cells|count|time|Nadia Manual"",""B|t_cells|count|time|FlowMOP"",""B|t_cells|count|time|PeacoQC"",""B|t_cells|count|time|FlowCut"",""D|t_cells|count|debris|Nadia Manual"",""D|t_cells|count|debris|FlowMOP"",""D|t_cells|count|doublet|Nadia Manual"",""D|t_cells|count|doublet|FlowMOP"",""D|t_cells|count|all steps|Nadia Manual"",""D|t_cells|count|all steps|FlowMOP"",""B|nkt_cells|count|time|Nadia Manual"",""B|nkt_cells|count|time|FlowMOP"",""B|nkt_cells|count|time|PeacoQC"",""B|nkt_cells|count|time|FlowCut"",""D|nkt_cells|count|debris|Nadia Manual"",""D|nkt_cells|count|debris|FlowMOP"",""D|nkt_cells|count|doublet|Nadia Manual"",""D|nkt_cells|count|doublet|FlowMOP"",""D|nkt_cells|count|all steps|Nadia Manual"",""D|nkt_cells|count|all steps|FlowMOP""]","[0.71893930895221,0.8996101637873009,0.5486453892752973,0.9402204397576845,0.9399567321795248,1.0,0.9628162031211853,0.9845255309958872,0.644706562881179,0.8860078216365077,0.7272727272727273,0.8987603305785123,0.5371900826446281,0.9431818181818182,0.9832402234636871,1.0,0.8968152866242038,0.9426751592356688,0.64,0.8536363636363636,0.7200948577134298,0.9014228657014478,0.5526460309535697,0.9406390414378433,0.9852453977253322,1.0,0.9900809994508512,0.9944741900054915,0.7025743442363428,0.8962955746608539,0.720258678762294,0.9018727264561908,0.5542731396236583,0.9395068936093771,0.9827205882352941,1.0,0.9895113524185587,0.9938302073050346,0.7008390141583639,0.8964778884810348]"
6A,True,113096,True,False,True,1.7658834868892628,23,False,True,minimum robust-standardized RMS distance from cohort-median endpoint vector among eligible samples supplied in the FlowJo debris PDF; scale=1.4826*MAD with SD fallback,minimum full-vector robust-standardized RMS distance among eligible samples with FlowMOP debris-controlled Live CD45+ retention below Nadia Manual,"[""B|live_cd45|count|time|Nadia Manual"",""B|live_cd45|count|time|FlowMOP"",""B|live_cd45|count|time|PeacoQC"",""B|live_cd45|count|time|FlowCut"",""D|live_cd45|count|debris|Nadia Manual"",""D|live_cd45|count|debris|FlowMOP"",""D|live_cd45|count|doublet|Nadia Manual"",""D|live_cd45|count|doublet|FlowMOP"",""D|live_cd45|count|all steps|Nadia Manual"",""D|live_cd45|count|all steps|FlowMOP"",""B|b_cells|count|time|Nadia Manual"",""B|b_cells|count|time|FlowMOP"",""B|b_cells|count|time|PeacoQC"",""B|b_cells|count|time|FlowCut"",""D|b_cells|count|debris|Nadia Manual"",""D|b_cells|count|debris|FlowMOP"",""D|b_cells|count|doublet|Nadia Manual"",""D|b_cells|count|doublet|FlowMOP"",""D|b_cells|count|all steps|Nadia Manual"",""D|b_cells|count|all steps|FlowMOP"",""B|t_cells|count|time|Nadia Manual"",""B|t_cells|count|time|FlowMOP"",""B|t_cells|count|time|PeacoQC"",""B|t_cells|count|time|FlowCut"",""D|t_cells|count|debris|Nadia Manual"",""D|t_cells|count|debris|FlowMOP"",""D|t_cells|count|doublet|Nadia Manual"",""D|t_cells|count|doublet|FlowMOP"",""D|t_cells|count|all steps|Nadia Manual"",""D|t_cells|count|all steps|FlowMOP"",""B|nkt_cells|count|time|Nadia Manual"",""B|nkt_cells|count|time|FlowMOP"",""B|nkt_cells|count|time|PeacoQC"",""B|nkt_cells|count|time|FlowCut"",""D|nkt_cells|count|debris|Nadia Manual"",""D|nkt_cells|count|debris|FlowMOP"",""D|nkt_cells|count|doublet|Nadia Manual"",""D|nkt_cells|count|doublet|FlowMOP"",""D|nkt_cells|count|all steps|Nadia Manual"",""D|nkt_cells|count|all steps|FlowMOP""]","[0.7502312643840046,0.910330235937685,0.7982126223940745,0.9423743570209946,0.9823630495829666,0.4740181902007628,0.9805670489107925,0.9505537031381392,0.721988454690513,0.40546584769309435,0.7499563242487771,0.9084119496855346,0.7962089447938504,0.9432215234102026,0.9897970947659672,0.5160249020059949,0.9339171108452083,0.8939410420972479,0.6915981955856292,0.4143708715965845,0.7497375323073869,0.9104632029839236,0.7984477183444875,0.9425625245765203,0.9866956067366052,0.47226576630893524,0.9860812629295628,0.9702494526903533,0.7295177880882774,0.4170403087701572,0.7578509269769201,0.9067347710934545,0.8053348467650397,0.9371925841846387,0.9935515873015873,0.6788194444444444,0.9445885404385758,0.9132280122612592,0.7142093064717419,0.558566589409877]"
6B,True,107188,True,False,True,2.1213019893719522,28,False,False,minimum robust-standardized RMS distance from cohort-median endpoint vector among eligible samples supplied in the FlowJo debris PDF; scale=1.4826*MAD with SD fallback,minimum full-vector robust-standardized RMS distance among eligible samples with FlowMOP debris-controlled Live CD45+ retention below Nadia Manual,"[""B|live_cd45|count|time|Nadia Manual"",""B|live_cd45|count|time|FlowMOP"",""B|live_cd45|count|time|PeacoQC"",""B|live_cd45|count|time|FlowCut"",""D|live_cd45|count|debris|Nadia Manual"",""D|live_cd45|count|debris|FlowMOP"",""D|live_cd45|count|doublet|Nadia Manual"",""D|live_cd45|count|doublet|FlowMOP"",""D|live_cd45|count|all steps|Nadia Manual"",""D|live_cd45|count|all steps|FlowMOP"",""B|b_cells|count|time|Nadia Manual"",""B|b_cells|count|time|FlowMOP"",""B|b_cells|count|time|PeacoQC"",""B|b_cells|count|time|FlowCut"",""D|b_cells|count|debris|Nadia Manual"",""D|b_cells|count|debris|FlowMOP"",""D|b_cells|count|doublet|Nadia Manual"",""D|b_cells|count|doublet|FlowMOP"",""D|b_cells|count|all steps|Nadia Manual"",""D|b_cells|count|all steps|FlowMOP"",""B|t_cells|count|time|Nadia Manual"",""B|t_cells|count|time|FlowMOP"",""B|t_cells|count|time|PeacoQC"",""B|t_cells|count|time|FlowCut"",""D|t_cells|count|debris|Nadia Manual"",""D|t_cells|count|debris|FlowMOP"",""D|t_cells|count|doublet|Nadia Manual"",""D|t_cells|count|doublet|FlowMOP"",""D|t_cells|count|all steps|Nadia Manual"",""D|t_cells|count|all steps|FlowMOP"",""B|nkt_cells|count|time|Nadia Manual"",""B|nkt_cells|count|time|FlowMOP"",""B|nkt_cells|count|time|PeacoQC"",""B|nkt_cells|count|time|FlowCut"",""D|nkt_cells|count|debris|Nadia Manual"",""D|nkt_cells|count|debris|FlowMOP"",""D|nkt_cells|count|doublet|Nadia Manual"",""D|nkt_cells|count|doublet|FlowMOP"",""D|nkt_cells|count|all steps|Nadia Manual"",""D|nkt_cells|count|all steps|FlowMOP""]","[0.647316944637933,0.9414473289452745,0.8594151515863016,0.923488115456559,0.9795464773830861,0.4231561826407586,0.9727226040151636,0.9449238091131122,0.6158155072582466,0.37472109917328705,0.6450785865566826,0.9374651655333853,0.8597703711960762,0.922230892133913,0.9905288982712387,0.483140297826211,0.9162928168047711,0.8770253866047395,0.5839163191174492,0.3956343333781784,0.6474399513906973,0.9418114405466067,0.8595879369567104,0.9232946442964671,0.9864068315353951,0.4211190039863218,0.9797341039377762,0.9643329611664149,0.6250909145328565,0.38431630774756437,0.6486570893191755,0.9472204871955028,0.8575890068707058,0.9250468457214241,0.9914081145584726,0.6229116945107399,0.9261984392419175,0.8987736900780379,0.5960683024824222,0.53350552446549]"
6C,True,69244,True,False,True,2.53156020032848,32,False,False,minimum robust-standardized RMS distance from cohort-median endpoint vector among eligible samples supplied in the FlowJo debris PDF; scale=1.4826*MAD with SD fallback,minimum full-vector robust-standardized RMS distance among eligible samples with FlowMOP debris-controlled Live CD45+ retention below Nadia Manual,"[""B|live_cd45|count|time|Nadia Manual"",""B|live_cd45|count|time|FlowMOP"",""B|live_cd45|count|time|PeacoQC"",""B|live_cd45|count|time|FlowCut"",""D|live_cd45|count|debris|Nadia Manual"",""D|live_cd45|count|debris|FlowMOP"",""D|live_cd45|count|doublet|Nadia Manual"",""D|live_cd45|count|doublet|FlowMOP"",""D|live_cd45|count|all steps|Nadia Manual"",""D|live_cd45|count|all steps|FlowMOP"",""B|b_cells|count|time|Nadia Manual"",""B|b_cells|count|time|FlowMOP"",""B|b_cells|count|time|PeacoQC"",""B|b_cells|count|time|FlowCut"",""D|b_cells|count|debris|Nadia Manual"",""D|b_cells|count|debris|FlowMOP"",""D|b_cells|count|doublet|Nadia Manual"",""D|b_cells|count|doublet|FlowMOP"",""D|b_cells|count|all steps|Nadia Manual"",""D|b_cells|count|all steps|FlowMOP"",""B|t_cells|count|time|Nadia Manual"",""B|t_cells|count|time|FlowMOP"",""B|t_cells|count|time|PeacoQC"",""B|t_cells|count|time|FlowCut"",""D|t_cells|count|debris|Nadia Manual"",""D|t_cells|count|debris|FlowMOP"",""D|t_cells|count|doublet|Nadia Manual"",""D|t_cells|count|doublet|FlowMOP"",""D|t_cells|count|all steps|Nadia Manual"",""D|t_cells|count|all steps|FlowMOP"",""B|nkt_cells|count|time|Nadia Manual"",""B|nkt_cells|count|time|FlowMOP"",""B|nkt_cells|count|time|PeacoQC"",""B|nkt_cells|count|time|FlowCut"",""D|nkt_cells|count|debris|Nadia Manual"",""D|nkt_cells|count|debris|FlowMOP"",""D|nkt_cells|count|doublet|Nadia Manual"",""D|nkt_cells|count|doublet|FlowMOP"",""D|nkt_cells|count|all steps|Nadia Manual"",""D|nkt_cells|count|all steps|FlowMOP""]","[0.5481763887752598,0.9158962611470179,0.8348294199460035,0.9070800949030516,0.9747395984870527,0.4029327902240326,0.9690274957625403,0.9423358382071352,0.5170796908183929,0.3460512668543488,0.5491361507077016,0.9159824711630484,0.8361456706794943,0.9040447287563592,0.9872317305080142,0.4748709589785384,0.8901045068582626,0.8483017635532332,0.48157964484495097,0.36381305769060873,0.5483481829430543,0.9161233015395237,0.8345235001376999,0.9067984965497445,0.9863319542026275,0.4022340522023066,0.9777704001881286,0.9635085971974381,0.5284666512152999,0.35661256196122704,0.5418450759050214,0.9168937329700273,0.8339820942000779,0.9075515764889062,0.99215965787598,0.6122594440484675,0.9124877089478859,0.8869223205506391,0.4921336397383772,0.49460844970832596]"
7A,True,96755,True,False,False,0.8652933318125228,6,False,False,minimum robust-standardized RMS distance from cohort-median endpoint vector among eligible samples supplied in the FlowJo debris PDF; scale=1.4826*MAD with SD fallback,minimum full-vector robust-standardized RMS distance among eligible samples with FlowMOP debris-controlled Live CD45+ retention below Nadia Manual,"[""B|live_cd45|count|time|Nadia Manual"",""B|live_cd45|count|time|FlowMOP"",""B|live_cd45|count|time|PeacoQC"",""B|live_cd45|count|time|FlowCut"",""D|live_cd45|count|debris|Nadia Manual"",""D|live_cd45|count|debris|FlowMOP"",""D|live_cd45|count|doublet|Nadia Manual"",""D|live_cd45|count|doublet|FlowMOP"",""D|live_cd45|count|all steps|Nadia Manual"",""D|live_cd45|count|all steps|FlowMOP"",""B|b_cells|count|time|Nadia Manual"",""B|b_cells|count|time|FlowMOP"",""B|b_cells|count|time|PeacoQC"",""B|b_cells|count|time|FlowCut"",""D|b_cells|count|debris|Nadia Manual"",""D|b_cells|count|debris|FlowMOP"",""D|b_cells|count|doublet|Nadia Manual"",""D|b_cells|count|doublet|FlowMOP"",""D|b_cells|count|all steps|Nadia Manual"",""D|b_cells|count|all steps|FlowMOP"",""B|t_cells|count|time|Nadia Manual"",""B|t_cells|count|time|FlowMOP"",""B|t_cells|count|time|PeacoQC"",""B|t_cells|count|time|FlowCut"",""D|t_cells|count|debris|Nadia Manual"",""D|t_cells|count|debris|FlowMOP"",""D|t_cells|count|doublet|Nadia Manual"",""D|t_cells|count|doublet|FlowMOP"",""D|t_cells|count|all steps|Nadia Manual"",""D|t_cells|count|all steps|FlowMOP"",""B|nkt_cells|count|time|Nadia Manual"",""B|nkt_cells|count|time|FlowMOP"",""B|nkt_cells|count|time|PeacoQC"",""B|nkt_cells|count|time|FlowCut"",""D|nkt_cells|count|debris|Nadia Manual"",""D|nkt_cells|count|debris|FlowMOP"",""D|nkt_cells|count|doublet|Nadia Manual"",""D|nkt_cells|count|doublet|FlowMOP"",""D|nkt_cells|count|all steps|Nadia Manual"",""D|nkt_cells|count|all steps|FlowMOP""]","[0.7625734939020183,0.9475289951170153,0.7702084275562846,0.894076793941113,0.9855164351805987,1.0,0.9774022401257615,0.9506288072312832,0.73344441659171,0.8932568530014598,0.7665818236262913,0.9465488845635575,0.7776613265458902,0.8993861356490492,0.9884169884169884,1.0,0.7686533553520493,0.7315718360606516,0.5780738399006435,0.685107824319747,0.7622001973655983,0.9475350752992663,0.7694598189385163,0.8939202814605054,0.9907420833658662,1.0,0.9940462201331767,0.9786805438979352,0.750657077421045,0.923812823784935,0.7467166979362101,0.949343339587242,0.801125703564728,0.8818011257035647,0.9900497512437811,1.0,0.9567307692307693,0.9399038461538461,0.708185053380783,0.8932384341637011]"
8A,True,23280,True,False,True,2.666517372798918,34,False,False,minimum robust-standardized RMS distance from cohort-median endpoint vector among eligible samples supplied in the FlowJo debris PDF; scale=1.4826*MAD with SD fallback,minimum full-vector robust-standardized RMS distance among eligible samples with FlowMOP debris-controlled Live CD45+ retention below Nadia Manual,"[""B|live_cd45|count|time|Nadia Manual"",""B|live_cd45|count|time|FlowMOP"",""B|live_cd45|count|time|PeacoQC"",""B|live_cd45|count|time|FlowCut"",""D|live_cd45|count|debris|Nadia Manual"",""D|live_cd45|count|debris|FlowMOP"",""D|live_cd45|count|doublet|Nadia Manual"",""D|live_cd45|count|doublet|FlowMOP"",""D|live_cd45|count|all steps|Nadia Manual"",""D|live_cd45|count|all steps|FlowMOP"",""B|b_cells|count|time|Nadia Manual"",""B|b_cells|count|time|FlowMOP"",""B|b_cells|count|time|PeacoQC"",""B|b_cells|count|time|FlowCut"",""D|b_cells|count|debris|Nadia Manual"",""D|b_cells|count|debris|FlowMOP"",""D|b_cells|count|doublet|Nadia Manual"",""D|b_cells|count|doublet|FlowMOP"",""D|b_cells|count|all steps|Nadia Manual"",""D|b_cells|count|all steps|FlowMOP"",""B|t_cells|count|time|Nadia Manual"",""B|t_cells|count|time|FlowMOP"",""B|t_cells|count|time|PeacoQC"",""B|t_cells|count|time|FlowCut"",""D|t_cells|count|debris|Nadia Manual"",""D|t_cells|count|debris|FlowMOP"",""D|t_cells|count|doublet|Nadia Manual"",""D|t_cells|count|doublet|FlowMOP"",""D|t_cells|count|all steps|Nadia Manual"",""D|t_cells|count|all steps|FlowMOP"",""B|nkt_cells|count|time|Nadia Manual"",""B|nkt_cells|count|time|FlowMOP"",""B|nkt_cells|count|time|PeacoQC"",""B|nkt_cells|count|time|FlowCut"",""D|nkt_cells|count|debris|Nadia Manual"",""D|nkt_cells|count|debris|FlowMOP"",""D|nkt_cells|count|doublet|Nadia Manual"",""D|nkt_cells|count|doublet|FlowMOP"",""D|nkt_cells|count|all steps|Nadia Manual"",""D|nkt_cells|count|all steps|FlowMOP""]","[0.8390025854281531,0.943175092670467,0.7520325203252033,0.9144316730523627,0.9770381790151447,0.21111816450530516,0.9817658261875906,0.9511659482955012,0.8029423382198406,0.18234597068095604,0.8391561343649383,0.9438223845451488,0.7588062857417464,0.9154692681051468,0.9856626778053736,0.27906976744186046,0.945527398743773,0.9052956465237167,0.780703715294854,0.2363303080430992,0.8397963358639815,0.9435377551484293,0.7509205800791017,0.914124653361822,0.9848196078954032,0.19673201743279445,0.992345088770111,0.9765920872391287,0.8197470601286887,0.1798868426891502,0.8358778625954199,0.943596268023749,0.7591178965224766,0.9126378286683631,0.9894578313253012,0.22339357429718876,0.970935960591133,0.9502463054187192,0.8041615667074663,0.200734394124847]"
9A,False,4049,True,False,False,nan,,False,False,minimum robust-standardized RMS distance from cohort-median endpoint vector among eligible samples supplied in the FlowJo debris PDF; scale=1.4826*MAD with SD fallback,minimum full-vector robust-standardized RMS distance among eligible samples with FlowMOP debris-controlled Live CD45+ retention below Nadia Manual,"[""B|live_cd45|count|time|Nadia Manual"",""B|live_cd45|count|time|FlowMOP"",""B|live_cd45|count|time|PeacoQC"",""B|live_cd45|count|time|FlowCut"",""D|live_cd45|count|debris|Nadia Manual"",""D|live_cd45|count|debris|FlowMOP"",""D|live_cd45|count|doublet|Nadia Manual"",""D|live_cd45|count|doublet|FlowMOP"",""D|live_cd45|count|all steps|Nadia Manual"",""D|live_cd45|count|all steps|FlowMOP"",""B|b_cells|count|time|Nadia Manual"",""B|b_cells|count|time|FlowMOP"",""B|b_cells|count|time|PeacoQC"",""B|b_cells|count|time|FlowCut"",""D|b_cells|count|debris|Nadia Manual"",""D|b_cells|count|debris|FlowMOP"",""D|b_cells|count|doublet|Nadia Manual"",""D|b_cells|count|doublet|FlowMOP"",""D|b_cells|count|all steps|Nadia Manual"",""D|b_cells|count|all steps|FlowMOP"",""B|t_cells|count|time|Nadia Manual"",""B|t_cells|count|time|FlowMOP"",""B|t_cells|count|time|PeacoQC"",""B|t_cells|count|time|FlowCut"",""D|t_cells|count|debris|Nadia Manual"",""D|t_cells|count|debris|FlowMOP"",""D|t_cells|count|doublet|Nadia Manual"",""D|t_cells|count|doublet|FlowMOP"",""D|t_cells|count|all steps|Nadia Manual"",""D|t_cells|count|all steps|FlowMOP"",""B|nkt_cells|count|time|Nadia Manual"",""B|nkt_cells|count|time|FlowMOP"",""B|nkt_cells|count|time|PeacoQC"",""B|nkt_cells|count|time|FlowCut"",""D|nkt_cells|count|debris|Nadia Manual"",""D|nkt_cells|count|debris|FlowMOP"",""D|nkt_cells|count|doublet|Nadia Manual"",""D|nkt_cells|count|doublet|FlowMOP"",""D|nkt_cells|count|all steps|Nadia Manual"",""D|nkt_cells|count|all steps|FlowMOP""]","[0.7103777044371103,0.9488815548221489,0.7571690502383571,0.8074074074074075,0.9453445246925629,0.39517860628537965,0.984649791603131,0.9674697570397479,0.6598092643051771,0.3572207084468665,0.7248459958932238,0.954312114989733,0.7607802874743327,0.8080082135523614,0.9901823281907434,0.288218793828892,0.9463806970509383,0.9410187667560321,0.6781940441882806,0.2584053794428434,0.7094939647168059,0.9495125348189415,0.7560352831940576,0.8084958217270195,0.986922828543752,0.4363900548918308,0.994630654083957,0.9863325740318907,0.6958451906659078,0.4027319294251565,0.84375,1.0,0.9375,0.90625,0.9642857142857143,0.42857142857142855,0.9310344827586207,0.9310344827586207,0.7714285714285715,0.4]"
10A,True,148355,True,False,False,1.294106066600467,17,False,False,minimum robust-standardized RMS distance from cohort-median endpoint vector among eligible samples supplied in the FlowJo debris PDF; scale=1.4826*MAD with SD fallback,minimum full-vector robust-standardized RMS distance among eligible samples with FlowMOP debris-controlled Live CD45+ retention below Nadia Manual,"[""B|live_cd45|count|time|Nadia Manual"",""B|live_cd45|count|time|FlowMOP"",""B|live_cd45|count|time|PeacoQC"",""B|live_cd45|count|time|FlowCut"",""D|live_cd45|count|debris|Nadia Manual"",""D|live_cd45|count|debris|FlowMOP"",""D|live_cd45|count|doublet|Nadia Manual"",""D|live_cd45|count|doublet|FlowMOP"",""D|live_cd45|count|all steps|Nadia Manual"",""D|live_cd45|count|all steps|FlowMOP"",""B|b_cells|count|time|Nadia Manual"",""B|b_cells|count|time|FlowMOP"",""B|b_cells|count|time|PeacoQC"",""B|b_cells|count|time|FlowCut"",""D|b_cells|count|debris|Nadia Manual"",""D|b_cells|count|debris|FlowMOP"",""D|b_cells|count|doublet|Nadia Manual"",""D|b_cells|count|doublet|FlowMOP"",""D|b_cells|count|all steps|Nadia Manual"",""D|b_cells|count|all steps|FlowMOP"",""B|t_cells|count|time|Nadia Manual"",""B|t_cells|count|time|FlowMOP"",""B|t_cells|count|time|PeacoQC"",""B|t_cells|count|time|FlowCut"",""D|t_cells|count|debris|Nadia Manual"",""D|t_cells|count|debris|FlowMOP"",""D|t_cells|count|doublet|Nadia Manual"",""D|t_cells|count|doublet|FlowMOP"",""D|t_cells|count|all steps|Nadia Manual"",""D|t_cells|count|all steps|FlowMOP"",""B|nkt_cells|count|time|Nadia Manual"",""B|nkt_cells|count|time|FlowMOP"",""B|nkt_cells|count|time|PeacoQC"",""B|nkt_cells|count|time|FlowCut"",""D|nkt_cells|count|debris|Nadia Manual"",""D|nkt_cells|count|debris|FlowMOP"",""D|nkt_cells|count|doublet|Nadia Manual"",""D|nkt_cells|count|doublet|FlowMOP"",""D|nkt_cells|count|all steps|Nadia Manual"",""D|nkt_cells|count|all steps|FlowMOP""]","[0.7737438224717805,0.9058169720977636,0.5705632367363421,0.9097013633828818,0.9414586209317017,0.9990266501321977,0.9679429198260268,0.9803750817905392,0.6994503412334467,0.886118769404067,0.7797387927991528,0.9159901164842923,0.5414754677020825,0.9145781856689023,0.9456335616438356,0.9995719178082192,0.8832467013194722,0.9000399840063974,0.6491331178372025,0.821040258595357,0.7791466261637555,0.9058307315838325,0.5726380333586476,0.9134250274238461,0.9895334714581696,0.9998928341787526,0.9838400340957523,0.9881375195340247,0.7582667250629586,0.8947771816489652,0.7883631713554987,0.9187979539641944,0.5684143222506394,0.9162404092071611,0.9708661417322835,1.0,0.9484615384615385,0.953076923076923,0.7252941176470589,0.8764705882352941]"
11A,True,159418,True,True,False,0.9200588268039875,7,False,False,minimum robust-standardized RMS distance from cohort-median endpoint vector among eligible samples supplied in the FlowJo debris PDF; scale=1.4826*MAD with SD fallback,minimum full-vector robust-standardized RMS distance among eligible samples with FlowMOP debris-controlled Live CD45+ retention below Nadia Manual,"[""B|live_cd45|count|time|Nadia Manual"",""B|live_cd45|count|time|FlowMOP"",""B|live_cd45|count|time|PeacoQC"",""B|live_cd45|count|time|FlowCut"",""D|live_cd45|count|debris|Nadia Manual"",""D|live_cd45|count|debris|FlowMOP"",""D|live_cd45|count|doublet|Nadia Manual"",""D|live_cd45|count|doublet|FlowMOP"",""D|live_cd45|count|all steps|Nadia Manual"",""D|live_cd45|count|all steps|FlowMOP"",""B|b_cells|count|time|Nadia Manual"",""B|b_cells|count|time|FlowMOP"",""B|b_cells|count|time|PeacoQC"",""B|b_cells|count|time|FlowCut"",""D|b_cells|count|debris|Nadia Manual"",""D|b_cells|count|debris|FlowMOP"",""D|b_cells|count|doublet|Nadia Manual"",""D|b_cells|count|doublet|FlowMOP"",""D|b_cells|count|all steps|Nadia Manual"",""D|b_cells|count|all steps|FlowMOP"",""B|t_cells|count|time|Nadia Manual"",""B|t_cells|count|time|FlowMOP"",""B|t_cells|count|time|PeacoQC"",""B|t_cells|count|time|FlowCut"",""D|t_cells|count|debris|Nadia Manual"",""D|t_cells|count|debris|FlowMOP"",""D|t_cells|count|doublet|Nadia Manual"",""D|t_cells|count|doublet|FlowMOP"",""D|t_cells|count|all steps|Nadia Manual"",""D|t_cells|count|all steps|FlowMOP"",""B|nkt_cells|count|time|Nadia Manual"",""B|nkt_cells|count|time|FlowMOP"",""B|nkt_cells|count|time|PeacoQC"",""B|nkt_cells|count|time|FlowCut"",""D|nkt_cells|count|debris|Nadia Manual"",""D|nkt_cells|count|debris|FlowMOP"",""D|nkt_cells|count|doublet|Nadia Manual"",""D|nkt_cells|count|doublet|FlowMOP"",""D|nkt_cells|count|all steps|Nadia Manual"",""D|nkt_cells|count|all steps|FlowMOP""]","[0.784814433281984,0.9098345162601242,0.8445955524472881,0.9140023249000576,0.9727589539344599,1.0,0.96857796025007,0.9297028086218158,0.7373318534961154,0.8370610432852387,0.7818011016695845,0.9084077031470174,0.8435885392202912,0.9129339425253,0.9533454829471492,1.0,0.8536460276016412,0.8121503170458784,0.6369455557488258,0.7276048008349278,0.7855020525184075,0.9106144523359614,0.8449599270215677,0.9142242783605916,0.9897861160146147,1.0,0.9914548893823505,0.9839707212764207,0.7705302584818347,0.895245826195894,0.782159970512348,0.9161444894950239,0.8472171028381865,0.9170659786214522,0.9740647234335552,1.0,0.9837737598516458,0.9647658785350023,0.7478414096916299,0.8812334801762115]"
11B,True,79206,True,False,True,1.7815973158327736,24,False,False,minimum robust-standardized RMS distance from cohort-median endpoint vector among eligible samples supplied in the FlowJo debris PDF; scale=1.4826*MAD with SD fallback,minimum full-vector robust-standardized RMS distance among eligible samples with FlowMOP debris-controlled Live CD45+ retention below Nadia Manual,"[""B|live_cd45|count|time|Nadia Manual"",""B|live_cd45|count|time|FlowMOP"",""B|live_cd45|count|time|PeacoQC"",""B|live_cd45|count|time|FlowCut"",""D|live_cd45|count|debris|Nadia Manual"",""D|live_cd45|count|debris|FlowMOP"",""D|live_cd45|count|doublet|Nadia Manual"",""D|live_cd45|count|doublet|FlowMOP"",""D|live_cd45|count|all steps|Nadia Manual"",""D|live_cd45|count|all steps|FlowMOP"",""B|b_cells|count|time|Nadia Manual"",""B|b_cells|count|time|FlowMOP"",""B|b_cells|count|time|PeacoQC"",""B|b_cells|count|time|FlowCut"",""D|b_cells|count|debris|Nadia Manual"",""D|b_cells|count|debris|FlowMOP"",""D|b_cells|count|doublet|Nadia Manual"",""D|b_cells|count|doublet|FlowMOP"",""D|b_cells|count|all steps|Nadia Manual"",""D|b_cells|count|all steps|FlowMOP"",""B|t_cells|count|time|Nadia Manual"",""B|t_cells|count|time|FlowMOP"",""B|t_cells|count|time|PeacoQC"",""B|t_cells|count|time|FlowCut"",""D|t_cells|count|debris|Nadia Manual"",""D|t_cells|count|debris|FlowMOP"",""D|t_cells|count|doublet|Nadia Manual"",""D|t_cells|count|doublet|FlowMOP"",""D|t_cells|count|all steps|Nadia Manual"",""D|t_cells|count|all steps|FlowMOP"",""B|nkt_cells|count|time|Nadia Manual"",""B|nkt_cells|count|time|FlowMOP"",""B|nkt_cells|count|time|PeacoQC"",""B|nkt_cells|count|time|FlowCut"",""D|nkt_cells|count|debris|Nadia Manual"",""D|nkt_cells|count|debris|FlowMOP"",""D|nkt_cells|count|doublet|Nadia Manual"",""D|nkt_cells|count|doublet|FlowMOP"",""D|nkt_cells|count|all steps|Nadia Manual"",""D|nkt_cells|count|all steps|FlowMOP""]","[0.7650478943734899,0.895748835001726,0.8197380911287538,0.9129918881601657,0.9703848127244741,0.5418573627501283,0.9694099315208923,0.924092070912098,0.7168320033960147,0.44154255883646065,0.7632421919688823,0.9001830454181444,0.816496968310262,0.9123098043702094,0.9581358609794629,0.3364210828665805,0.8613944480309877,0.816333118140736,0.6301893921503802,0.24866575355405468,0.7654500177872643,0.8952045535396655,0.820184987548915,0.9131341159729633,0.9909913229306756,0.5548166024944271,0.9901704524537054,0.9817306630342746,0.7504045533173372,0.4894885888064282,0.756298773690078,0.8891861761426979,0.8171683389074693,0.9076923076923077,0.9809138230190861,0.5954308849045691,0.9797804737146159,0.9612940496822646,0.7255614973262032,0.5144385026737968]"
11C,True,71807,True,False,True,2.0843093199911102,26,False,False,minimum robust-standardized RMS distance from cohort-median endpoint vector among eligible samples supplied in the FlowJo debris PDF; scale=1.4826*MAD with SD fallback,minimum full-vector robust-standardized RMS distance among eligible samples with FlowMOP debris-controlled Live CD45+ retention below Nadia Manual,"[""B|live_cd45|count|time|Nadia Manual"",""B|live_cd45|count|time|FlowMOP"",""B|live_cd45|count|time|PeacoQC"",""B|live_cd45|count|time|FlowCut"",""D|live_cd45|count|debris|Nadia Manual"",""D|live_cd45|count|debris|FlowMOP"",""D|live_cd45|count|doublet|Nadia Manual"",""D|live_cd45|count|doublet|FlowMOP"",""D|live_cd45|count|all steps|Nadia Manual"",""D|live_cd45|count|all steps|FlowMOP"",""B|b_cells|count|time|Nadia Manual"",""B|b_cells|count|time|FlowMOP"",""B|b_cells|count|time|PeacoQC"",""B|b_cells|count|time|FlowCut"",""D|b_cells|count|debris|Nadia Manual"",""D|b_cells|count|debris|FlowMOP"",""D|b_cells|count|doublet|Nadia Manual"",""D|b_cells|count|doublet|FlowMOP"",""D|b_cells|count|all steps|Nadia Manual"",""D|b_cells|count|all steps|FlowMOP"",""B|t_cells|count|time|Nadia Manual"",""B|t_cells|count|time|FlowMOP"",""B|t_cells|count|time|PeacoQC"",""B|t_cells|count|time|FlowCut"",""D|t_cells|count|debris|Nadia Manual"",""D|t_cells|count|debris|FlowMOP"",""D|t_cells|count|doublet|Nadia Manual"",""D|t_cells|count|doublet|FlowMOP"",""D|t_cells|count|all steps|Nadia Manual"",""D|t_cells|count|all steps|FlowMOP"",""B|nkt_cells|count|time|Nadia Manual"",""B|nkt_cells|count|time|FlowMOP"",""B|nkt_cells|count|time|PeacoQC"",""B|nkt_cells|count|time|FlowCut"",""D|nkt_cells|count|debris|Nadia Manual"",""D|nkt_cells|count|debris|FlowMOP"",""D|nkt_cells|count|doublet|Nadia Manual"",""D|nkt_cells|count|doublet|FlowMOP"",""D|nkt_cells|count|all steps|Nadia Manual"",""D|nkt_cells|count|all steps|FlowMOP""]","[0.7571580178463138,0.8860889716711426,0.7052650957290133,0.9402397556960929,0.9618329011534732,0.49390248096459793,0.9595493127843385,0.9241146480206954,0.6960127020153002,0.3960022497299826,0.7601275917065391,0.8859117490696438,0.6994683678894206,0.938809144072302,0.9507913286341269,0.2938555658997207,0.8349197080291971,0.8015766423357664,0.6023507604162278,0.20529131735265618,0.7571234340805153,0.8864322119544275,0.7060615534502941,0.9403732759435506,0.9881479935093895,0.5103384796409288,0.9862575176398163,0.9789458729933229,0.7377123506992165,0.442178268323439,0.7581227436823105,0.8844765342960289,0.7073806658644204,0.9392298435619735,0.973724884080371,0.5131375579598145,0.9697280656747049,0.9576706003078502,0.7174036819130765,0.43822357183526284]"
12A,True,115035,True,False,False,0.5765491128574028,1,False,False,minimum robust-standardized RMS distance from cohort-median endpoint vector among eligible samples supplied in the FlowJo debris PDF; scale=1.4826*MAD with SD fallback,minimum full-vector robust-standardized RMS distance among eligible samples with FlowMOP debris-controlled Live CD45+ retention below Nadia Manual,"[""B|live_cd45|count|time|Nadia Manual"",""B|live_cd45|count|time|FlowMOP"",""B|live_cd45|count|time|PeacoQC"",""B|live_cd45|count|time|FlowCut"",""D|live_cd45|count|debris|Nadia Manual"",""D|live_cd45|count|debris|FlowMOP"",""D|live_cd45|count|doublet|Nadia Manual"",""D|live_cd45|count|doublet|FlowMOP"",""D|live_cd45|count|all steps|Nadia Manual"",""D|live_cd45|count|all steps|FlowMOP"",""B|b_cells|count|time|Nadia Manual"",""B|b_cells|count|time|FlowMOP"",""B|b_cells|count|time|PeacoQC"",""B|b_cells|count|time|FlowCut"",""D|b_cells|count|debris|Nadia Manual"",""D|b_cells|count|debris|FlowMOP"",""D|b_cells|count|doublet|Nadia Manual"",""D|b_cells|count|doublet|FlowMOP"",""D|b_cells|count|all steps|Nadia Manual"",""D|b_cells|count|all steps|FlowMOP"",""B|t_cells|count|time|Nadia Manual"",""B|t_cells|count|time|FlowMOP"",""B|t_cells|count|time|PeacoQC"",""B|t_cells|count|time|FlowCut"",""D|t_cells|count|debris|Nadia Manual"",""D|t_cells|count|debris|FlowMOP"",""D|t_cells|count|doublet|Nadia Manual"",""D|t_cells|count|doublet|FlowMOP"",""D|t_cells|count|all steps|Nadia Manual"",""D|t_cells|count|all steps|FlowMOP"",""B|nkt_cells|count|time|Nadia Manual"",""B|nkt_cells|count|time|FlowMOP"",""B|nkt_cells|count|time|PeacoQC"",""B|nkt_cells|count|time|FlowCut"",""D|nkt_cells|count|debris|Nadia Manual"",""D|nkt_cells|count|debris|FlowMOP"",""D|nkt_cells|count|doublet|Nadia Manual"",""D|nkt_cells|count|doublet|FlowMOP"",""D|nkt_cells|count|all steps|Nadia Manual"",""D|nkt_cells|count|all steps|FlowMOP""]","[0.7348218024186597,0.9201743799413807,0.7492918893623309,0.9215536563138839,0.9540781247501638,1.0,0.97875795551473,0.9434666360475035,0.6826530904098619,0.8571861682349913,0.7336380952380952,0.9168761904761905,0.7468190476190476,0.9225904761904762,0.9877923676651621,1.0,0.9306978542431857,0.9070172047167988,0.6713379348811267,0.8285574844872063,0.7355124983893828,0.9207012627238758,0.7493074346089421,0.9211280762788301,0.9788125602829278,1.0,0.9854661199827363,0.9799309451877428,0.7069391230310771,0.9004760246139556,0.7236005089058524,0.9198473282442748,0.7487277353689568,0.9208015267175572,0.9904222899434044,1.0,0.9803921568627451,0.9700495582848524,0.7034632034632035,0.8920841063698206]"
13A,True,15761,True,False,False,1.4527223410834607,20,False,False,minimum robust-standardized RMS distance from cohort-median endpoint vector among eligible samples supplied in the FlowJo debris PDF; scale=1.4826*MAD with SD fallback,minimum full-vector robust-standardized RMS distance among eligible samples with FlowMOP debris-controlled Live CD45+ retention below Nadia Manual,"[""B|live_cd45|count|time|Nadia Manual"",""B|live_cd45|count|time|FlowMOP"",""B|live_cd45|count|time|PeacoQC"",""B|live_cd45|count|time|FlowCut"",""D|live_cd45|count|debris|Nadia Manual"",""D|live_cd45|count|debris|FlowMOP"",""D|live_cd45|count|doublet|Nadia Manual"",""D|live_cd45|count|doublet|FlowMOP"",""D|live_cd45|count|all steps|Nadia Manual"",""D|live_cd45|count|all steps|FlowMOP"",""B|b_cells|count|time|Nadia Manual"",""B|b_cells|count|time|FlowMOP"",""B|b_cells|count|time|PeacoQC"",""B|b_cells|count|time|FlowCut"",""D|b_cells|count|debris|Nadia Manual"",""D|b_cells|count|debris|FlowMOP"",""D|b_cells|count|doublet|Nadia Manual"",""D|b_cells|count|doublet|FlowMOP"",""D|b_cells|count|all steps|Nadia Manual"",""D|b_cells|count|all steps|FlowMOP"",""B|t_cells|count|time|Nadia Manual"",""B|t_cells|count|time|FlowMOP"",""B|t_cells|count|time|PeacoQC"",""B|t_cells|count|time|FlowCut"",""D|t_cells|count|debris|Nadia Manual"",""D|t_cells|count|debris|FlowMOP"",""D|t_cells|count|doublet|Nadia Manual"",""D|t_cells|count|doublet|FlowMOP"",""D|t_cells|count|all steps|Nadia Manual"",""D|t_cells|count|all steps|FlowMOP"",""B|nkt_cells|count|time|Nadia Manual"",""B|nkt_cells|count|time|FlowMOP"",""B|nkt_cells|count|time|PeacoQC"",""B|nkt_cells|count|time|FlowCut"",""D|nkt_cells|count|debris|Nadia Manual"",""D|nkt_cells|count|debris|FlowMOP"",""D|nkt_cells|count|doublet|Nadia Manual"",""D|nkt_cells|count|doublet|FlowMOP"",""D|nkt_cells|count|all steps|Nadia Manual"",""D|nkt_cells|count|all steps|FlowMOP""]","[0.8727772456586016,0.7982759338691542,0.6563528088951818,0.8687794111522925,0.9717624148003895,1.0,0.9841746888941066,0.966752758863583,0.8325917686318132,0.7665660257428889,0.8612913191226444,0.8078467717021934,0.6604881062712388,0.8622181031819586,0.9727843684577809,1.0,0.9741439552760307,0.9517819706498952,0.8114086146682189,0.7648428405122235,0.8741950683210303,0.7969216271399403,0.6553583582011413,0.8696926862467934,0.9775201966982789,1.0,0.9898630624221946,0.9820973383128816,0.8448267138881862,0.7791550720971414,0.8615384615384616,0.8307692307692308,0.8,0.8923076923076924,0.9824561403508771,1.0,0.9333333333333333,0.9333333333333333,0.7887323943661971,0.7464788732394366]"
14A,True,195294,True,False,False,1.1697761388353318,14,False,False,minimum robust-standardized RMS distance from cohort-median endpoint vector among eligible samples supplied in the FlowJo debris PDF; scale=1.4826*MAD with SD fallback,minimum full-vector robust-standardized RMS distance among eligible samples with FlowMOP debris-controlled Live CD45+ retention below Nadia Manual,"[""B|live_cd45|count|time|Nadia Manual"",""B|live_cd45|count|time|FlowMOP"",""B|live_cd45|count|time|PeacoQC"",""B|live_cd45|count|time|FlowCut"",""D|live_cd45|count|debris|Nadia Manual"",""D|live_cd45|count|debris|FlowMOP"",""D|live_cd45|count|doublet|Nadia Manual"",""D|live_cd45|count|doublet|FlowMOP"",""D|live_cd45|count|all steps|Nadia Manual"",""D|live_cd45|count|all steps|FlowMOP"",""B|b_cells|count|time|Nadia Manual"",""B|b_cells|count|time|FlowMOP"",""B|b_cells|count|time|PeacoQC"",""B|b_cells|count|time|FlowCut"",""D|b_cells|count|debris|Nadia Manual"",""D|b_cells|count|debris|FlowMOP"",""D|b_cells|count|doublet|Nadia Manual"",""D|b_cells|count|doublet|FlowMOP"",""D|b_cells|count|all steps|Nadia Manual"",""D|b_cells|count|all steps|FlowMOP"",""B|t_cells|count|time|Nadia Manual"",""B|t_cells|count|time|FlowMOP"",""B|t_cells|count|time|PeacoQC"",""B|t_cells|count|time|FlowCut"",""D|t_cells|count|debris|Nadia Manual"",""D|t_cells|count|debris|FlowMOP"",""D|t_cells|count|doublet|Nadia Manual"",""D|t_cells|count|doublet|FlowMOP"",""D|t_cells|count|all steps|Nadia Manual"",""D|t_cells|count|all steps|FlowMOP"",""B|nkt_cells|count|time|Nadia Manual"",""B|nkt_cells|count|time|FlowMOP"",""B|nkt_cells|count|time|PeacoQC"",""B|nkt_cells|count|time|FlowCut"",""D|nkt_cells|count|debris|Nadia Manual"",""D|nkt_cells|count|debris|FlowMOP"",""D|nkt_cells|count|doublet|Nadia Manual"",""D|nkt_cells|count|doublet|FlowMOP"",""D|nkt_cells|count|all steps|Nadia Manual"",""D|nkt_cells|count|all steps|FlowMOP""]","[0.7475382264719022,0.8781370484245775,0.8364548959541696,0.9151828451081754,0.9437201124175943,1.0,0.9707257384377636,0.952054560788577,0.6818614525904872,0.8310516042872308,0.7501533542762607,0.8755506812647545,0.8363291633362455,0.9150324367529787,0.987931161105535,1.0,0.9440662502631764,0.9337497368236367,0.6984665443594448,0.8154314791096957,0.7467962415478734,0.8788513889295436,0.8369171325703246,0.9150718613704886,0.9722865853658537,1.0,0.9821227845957224,0.978273255008238,0.7100537700246028,0.8590234561991383,0.7329662766689607,0.8885065381968341,0.8410185822436339,0.9132828630419821,0.9375,1.0,0.9309440559440559,0.916958041958042,0.6489945155393053,0.8123095673369897]"
15A,False,31,False,False,False,nan,,False,False,minimum robust-standardized RMS distance from cohort-median endpoint vector among eligible samples supplied in the FlowJo debris PDF; scale=1.4826*MAD with SD fallback,minimum full-vector robust-standardized RMS distance among eligible samples with FlowMOP debris-controlled Live CD45+ retention below Nadia Manual,"[""B|live_cd45|count|time|Nadia Manual"",""B|live_cd45|count|time|FlowMOP"",""B|live_cd45|count|time|PeacoQC"",""B|live_cd45|count|time|FlowCut"",""D|live_cd45|count|debris|Nadia Manual"",""D|live_cd45|count|debris|FlowMOP"",""D|live_cd45|count|doublet|Nadia Manual"",""D|live_cd45|count|doublet|FlowMOP"",""D|live_cd45|count|all steps|Nadia Manual"",""D|live_cd45|count|all steps|FlowMOP"",""B|b_cells|count|time|Nadia Manual"",""B|b_cells|count|time|FlowMOP"",""B|b_cells|count|time|PeacoQC"",""B|b_cells|count|time|FlowCut"",""D|b_cells|count|debris|Nadia Manual"",""D|b_cells|count|debris|FlowMOP"",""D|b_cells|count|doublet|Nadia Manual"",""D|b_cells|count|doublet|FlowMOP"",""D|b_cells|count|all steps|Nadia Manual"",""D|b_cells|count|all steps|FlowMOP"",""B|t_cells|count|time|Nadia Manual"",""B|t_cells|count|time|FlowMOP"",""B|t_cells|count|time|PeacoQC"",""B|t_cells|count|time|FlowCut"",""D|t_cells|count|debris|Nadia Manual"",""D|t_cells|count|debris|FlowMOP"",""D|t_cells|count|doublet|Nadia Manual"",""D|t_cells|count|doublet|FlowMOP"",""D|t_cells|count|all steps|Nadia Manual"",""D|t_cells|count|all steps|FlowMOP"",""B|nkt_cells|count|time|Nadia Manual"",""B|nkt_cells|count|time|FlowMOP"",""B|nkt_cells|count|time|PeacoQC"",""B|nkt_cells|count|time|FlowCut"",""D|nkt_cells|count|debris|Nadia Manual"",""D|nkt_cells|count|debris|FlowMOP"",""D|nkt_cells|count|doublet|Nadia Manual"",""D|nkt_cells|count|doublet|FlowMOP"",""D|nkt_cells|count|all steps|Nadia Manual"",""D|nkt_cells|count|all steps|FlowMOP""]","[0.7712082262210797,0.7223650385604113,0.6838046272493573,1.0,0.7177033492822966,0.09569377990430622,0.970873786407767,0.9805825242718447,0.5181347150259067,0.0535405872193437,0.84,0.76,0.7333333333333333,1.0,0.984375,0.109375,1.0,0.9841269841269841,0.8181818181818182,0.09090909090909091,0.78,0.71,0.65,1.0,0.975,0.0875,0.9873417721518988,0.9873417721518988,0.7428571428571429,0.02857142857142857,NaN,NaN,NaN,NaN,NaN,NaN,NaN,NaN,NaN,NaN]"
16A,True,25670,True,False,False,1.1562738718699748,13,False,False,minimum robust-standardized RMS distance from cohort-median endpoint vector among eligible samples supplied in the FlowJo debris PDF; scale=1.4826*MAD with SD fallback,minimum full-vector robust-standardized RMS distance among eligible samples with FlowMOP debris-controlled Live CD45+ retention below Nadia Manual,"[""B|live_cd45|count|time|Nadia Manual"",""B|live_cd45|count|time|FlowMOP"",""B|live_cd45|count|time|PeacoQC"",""B|live_cd45|count|time|FlowCut"",""D|live_cd45|count|debris|Nadia Manual"",""D|live_cd45|count|debris|FlowMOP"",""D|live_cd45|count|doublet|Nadia Manual"",""D|live_cd45|count|doublet|FlowMOP"",""D|live_cd45|count|all steps|Nadia Manual"",""D|live_cd45|count|all steps|FlowMOP"",""B|b_cells|count|time|Nadia Manual"",""B|b_cells|count|time|FlowMOP"",""B|b_cells|count|time|PeacoQC"",""B|b_cells|count|time|FlowCut"",""D|b_cells|count|debris|Nadia Manual"",""D|b_cells|count|debris|FlowMOP"",""D|b_cells|count|doublet|Nadia Manual"",""D|b_cells|count|doublet|FlowMOP"",""D|b_cells|count|all steps|Nadia Manual"",""D|b_cells|count|all steps|FlowMOP"",""B|t_cells|count|time|Nadia Manual"",""B|t_cells|count|time|FlowMOP"",""B|t_cells|count|time|PeacoQC"",""B|t_cells|count|time|FlowCut"",""D|t_cells|count|debris|Nadia Manual"",""D|t_cells|count|debris|FlowMOP"",""D|t_cells|count|doublet|Nadia Manual"",""D|t_cells|count|doublet|FlowMOP"",""D|t_cells|count|all steps|Nadia Manual"",""D|t_cells|count|all steps|FlowMOP"",""B|nkt_cells|count|time|Nadia Manual"",""B|nkt_cells|count|time|FlowMOP"",""B|nkt_cells|count|time|PeacoQC"",""B|nkt_cells|count|time|FlowCut"",""D|nkt_cells|count|debris|Nadia Manual"",""D|nkt_cells|count|debris|FlowMOP"",""D|nkt_cells|count|doublet|Nadia Manual"",""D|nkt_cells|count|doublet|FlowMOP"",""D|nkt_cells|count|all steps|Nadia Manual"",""D|nkt_cells|count|all steps|FlowMOP""]","[0.7399414852779449,0.8471562260079265,0.5326499699126429,0.9442035150333036,0.9651401970336689,0.9728808054563169,0.976371053856474,0.9708676724255948,0.6929250140877913,0.7935604220507938,0.7503144654088051,0.8576519916142558,0.539832285115304,0.9477987421383648,0.979742677251574,0.9756364631809472,0.9248062015503876,0.9188630490956072,0.6759206798866856,0.7646836638338055,0.7411869370204248,0.8474626533713905,0.5334544241390814,0.9430255402750491,0.9854122517372234,0.9790547533389188,0.9900475341651812,0.9878688849277084,0.722310526696048,0.8182212267899718,0.7311557788944724,0.8542713567839196,0.5301507537688442,0.9221105527638191,0.9831081081081081,0.9966216216216216,0.9448051948051948,0.9415584415584416,0.6847058823529412,0.8047058823529412]"
17A,True,71334,True,False,False,1.3108549422188402,18,False,False,minimum robust-standardized RMS distance from cohort-median endpoint vector among eligible samples supplied in the FlowJo debris PDF; scale=1.4826*MAD with SD fallback,minimum full-vector robust-standardized RMS distance among eligible samples with FlowMOP debris-controlled Live CD45+ retention below Nadia Manual,"[""B|live_cd45|count|time|Nadia Manual"",""B|live_cd45|count|time|FlowMOP"",""B|live_cd45|count|time|PeacoQC"",""B|live_cd45|count|time|FlowCut"",""D|live_cd45|count|debris|Nadia Manual"",""D|live_cd45|count|debris|FlowMOP"",""D|live_cd45|count|doublet|Nadia Manual"",""D|live_cd45|count|doublet|FlowMOP"",""D|live_cd45|count|all steps|Nadia Manual"",""D|live_cd45|count|all steps|FlowMOP"",""B|b_cells|count|time|Nadia Manual"",""B|b_cells|count|time|FlowMOP"",""B|b_cells|count|time|PeacoQC"",""B|b_cells|count|time|FlowCut"",""D|b_cells|count|debris|Nadia Manual"",""D|b_cells|count|debris|FlowMOP"",""D|b_cells|count|doublet|Nadia Manual"",""D|b_cells|count|doublet|FlowMOP"",""D|b_cells|count|all steps|Nadia Manual"",""D|b_cells|count|all steps|FlowMOP"",""B|t_cells|count|time|Nadia Manual"",""B|t_cells|count|time|FlowMOP"",""B|t_cells|count|time|PeacoQC"",""B|t_cells|count|time|FlowCut"",""D|t_cells|count|debris|Nadia Manual"",""D|t_cells|count|debris|FlowMOP"",""D|t_cells|count|doublet|Nadia Manual"",""D|t_cells|count|doublet|FlowMOP"",""D|t_cells|count|all steps|Nadia Manual"",""D|t_cells|count|all steps|FlowMOP"",""B|nkt_cells|count|time|Nadia Manual"",""B|nkt_cells|count|time|FlowMOP"",""B|nkt_cells|count|time|PeacoQC"",""B|nkt_cells|count|time|FlowCut"",""D|nkt_cells|count|debris|Nadia Manual"",""D|nkt_cells|count|debris|FlowMOP"",""D|nkt_cells|count|doublet|Nadia Manual"",""D|nkt_cells|count|doublet|FlowMOP"",""D|nkt_cells|count|all steps|Nadia Manual"",""D|nkt_cells|count|all steps|FlowMOP""]","[0.818025199519477,0.891537766685602,0.6642950932642969,0.8630975107791736,0.9520413582320874,1.0,0.9860027612836602,0.9576266430199014,0.7645415379259324,0.8470690630575743,0.6153846153846154,0.9230769230769231,0.46153846153846156,0.9230769230769231,1.0,1.0,0.8888888888888888,0.8888888888888888,0.5333333333333333,0.7333333333333333,0.819033062061938,0.8910232577353658,0.6645185276985995,0.8643918425799699,0.9801268847326358,1.0,0.9882202432378547,0.97778626968831,0.7909546669503584,0.8694663492865596,0.7966457023060797,0.8763102725366876,0.6645702306079665,0.859538784067086,0.9895833333333334,1.0,0.8775981524249422,0.8429561200923787,0.6896551724137931,0.7441016333938294]"
18A,True,175393,True,False,True,2.1277070568104706,29,False,False,minimum robust-standardized RMS distance from cohort-median endpoint vector among eligible samples supplied in the FlowJo debris PDF; scale=1.4826*MAD with SD fallback,minimum full-vector robust-standardized RMS distance among eligible samples with FlowMOP debris-controlled Live CD45+ retention below Nadia Manual,"[""B|live_cd45|count|time|Nadia Manual"",""B|live_cd45|count|time|FlowMOP"",""B|live_cd45|count|time|PeacoQC"",""B|live_cd45|count|time|FlowCut"",""D|live_cd45|count|debris|Nadia Manual"",""D|live_cd45|count|debris|FlowMOP"",""D|live_cd45|count|doublet|Nadia Manual"",""D|live_cd45|count|doublet|FlowMOP"",""D|live_cd45|count|all steps|Nadia Manual"",""D|live_cd45|count|all steps|FlowMOP"",""B|b_cells|count|time|Nadia Manual"",""B|b_cells|count|time|FlowMOP"",""B|b_cells|count|time|PeacoQC"",""B|b_cells|count|time|FlowCut"",""D|b_cells|count|debris|Nadia Manual"",""D|b_cells|count|debris|FlowMOP"",""D|b_cells|count|doublet|Nadia Manual"",""D|b_cells|count|doublet|FlowMOP"",""D|b_cells|count|all steps|Nadia Manual"",""D|b_cells|count|all steps|FlowMOP"",""B|t_cells|count|time|Nadia Manual"",""B|t_cells|count|time|FlowMOP"",""B|t_cells|count|time|PeacoQC"",""B|t_cells|count|time|FlowCut"",""D|t_cells|count|debris|Nadia Manual"",""D|t_cells|count|debris|FlowMOP"",""D|t_cells|count|doublet|Nadia Manual"",""D|t_cells|count|doublet|FlowMOP"",""D|t_cells|count|all steps|Nadia Manual"",""D|t_cells|count|all steps|FlowMOP"",""B|nkt_cells|count|time|Nadia Manual"",""B|nkt_cells|count|time|FlowMOP"",""B|nkt_cells|count|time|PeacoQC"",""B|nkt_cells|count|time|FlowCut"",""D|nkt_cells|count|debris|Nadia Manual"",""D|nkt_cells|count|debris|FlowMOP"",""D|nkt_cells|count|doublet|Nadia Manual"",""D|nkt_cells|count|doublet|FlowMOP"",""D|nkt_cells|count|all steps|Nadia Manual"",""D|nkt_cells|count|all steps|FlowMOP""]","[0.8650682440663139,0.8926456115009117,0.7524292954852361,0.8909722522449208,0.9641535103880275,0.5019642300388311,0.9669655242990016,0.9395225479271371,0.8043998505479122,0.41476028547240573,0.8667406864945312,0.8926318773475703,0.7575771892938981,0.8909309961966407,0.9847285219678467,0.40180895890925683,0.8758026400591984,0.8535554865968061,0.7467030283295344,0.3039929990231195,0.8647588117436873,0.8925303610048245,0.7513507844314409,0.8904255242200892,0.9778391199443831,0.544423997055576,0.9841659875369405,0.9737362013187465,0.8310718282739109,0.4723614422655832,0.8645870768346151,0.895277797743118,0.7595054984546826,0.8919715374110544,0.9287368746139593,0.3061303273625695,0.9636305375310422,0.9252583513578466,0.7743160605085291,0.24969423881557773]"
18B,True,141610,True,False,True,2.087647984513635,27,False,False,minimum robust-standardized RMS distance from cohort-median endpoint vector among eligible samples supplied in the FlowJo debris PDF; scale=1.4826*MAD with SD fallback,minimum full-vector robust-standardized RMS distance among eligible samples with FlowMOP debris-controlled Live CD45+ retention below Nadia Manual,"[""B|live_cd45|count|time|Nadia Manual"",""B|live_cd45|count|time|FlowMOP"",""B|live_cd45|count|time|PeacoQC"",""B|live_cd45|count|time|FlowCut"",""D|live_cd45|count|debris|Nadia Manual"",""D|live_cd45|count|debris|FlowMOP"",""D|live_cd45|count|doublet|Nadia Manual"",""D|live_cd45|count|doublet|FlowMOP"",""D|live_cd45|count|all steps|Nadia Manual"",""D|live_cd45|count|all steps|FlowMOP"",""B|b_cells|count|time|Nadia Manual"",""B|b_cells|count|time|FlowMOP"",""B|b_cells|count|time|PeacoQC"",""B|b_cells|count|time|FlowCut"",""D|b_cells|count|debris|Nadia Manual"",""D|b_cells|count|debris|FlowMOP"",""D|b_cells|count|doublet|Nadia Manual"",""D|b_cells|count|doublet|FlowMOP"",""D|b_cells|count|all steps|Nadia Manual"",""D|b_cells|count|all steps|FlowMOP"",""B|t_cells|count|time|Nadia Manual"",""B|t_cells|count|time|FlowMOP"",""B|t_cells|count|time|PeacoQC"",""B|t_cells|count|time|FlowCut"",""D|t_cells|count|debris|Nadia Manual"",""D|t_cells|count|debris|FlowMOP"",""D|t_cells|count|doublet|Nadia Manual"",""D|t_cells|count|doublet|FlowMOP"",""D|t_cells|count|all steps|Nadia Manual"",""D|t_cells|count|all steps|FlowMOP"",""B|nkt_cells|count|time|Nadia Manual"",""B|nkt_cells|count|time|FlowMOP"",""B|nkt_cells|count|time|PeacoQC"",""B|nkt_cells|count|time|FlowCut"",""D|nkt_cells|count|debris|Nadia Manual"",""D|nkt_cells|count|debris|FlowMOP"",""D|nkt_cells|count|doublet|Nadia Manual"",""D|nkt_cells|count|doublet|FlowMOP"",""D|nkt_cells|count|all steps|Nadia Manual"",""D|nkt_cells|count|all steps|FlowMOP""]","[0.8285437114480485,0.892275145880146,0.8180625480301432,0.880794663284955,0.961385890202886,0.4801250406856895,0.9680519471651993,0.9393232802914175,0.7684125805524994,0.3961502815611332,0.8268271286803005,0.8901529689127693,0.8197817862821427,0.8805307308514722,0.9876547252603314,0.3874516995219071,0.8868274037047927,0.8647750661570126,0.7231119635578998,0.2957084631982738,0.8277319174350206,0.891610966121524,0.8179553468432722,0.8803249584802546,0.9809481333533709,0.5288226140324512,0.9842739150314717,0.9747156852253602,0.7976828253919447,0.4589054326273007,0.8303334856098675,0.8943809958885336,0.8183645500228415,0.8841480127912289,0.9378740970072239,0.3076367389060887,0.9641417356248674,0.9254190536813071,0.7516334463650649,0.2494417335208006]"
18C,True,113642,True,False,True,2.3961557536859988,31,False,False,minimum robust-standardized RMS distance from cohort-median endpoint vector among eligible samples supplied in the FlowJo debris PDF; scale=1.4826*MAD with SD fallback,minimum full-vector robust-standardized RMS distance among eligible samples with FlowMOP debris-controlled Live CD45+ retention below Nadia Manual,"[""B|live_cd45|count|time|Nadia Manual"",""B|live_cd45|count|time|FlowMOP"",""B|live_cd45|count|time|PeacoQC"",""B|live_cd45|count|time|FlowCut"",""D|live_cd45|count|debris|Nadia Manual"",""D|live_cd45|count|debris|FlowMOP"",""D|live_cd45|count|doublet|Nadia Manual"",""D|live_cd45|count|doublet|FlowMOP"",""D|live_cd45|count|all steps|Nadia Manual"",""D|live_cd45|count|all steps|FlowMOP"",""B|b_cells|count|time|Nadia Manual"",""B|b_cells|count|time|FlowMOP"",""B|b_cells|count|time|PeacoQC"",""B|b_cells|count|time|FlowCut"",""D|b_cells|count|debris|Nadia Manual"",""D|b_cells|count|debris|FlowMOP"",""D|b_cells|count|doublet|Nadia Manual"",""D|b_cells|count|doublet|FlowMOP"",""D|b_cells|count|all steps|Nadia Manual"",""D|b_cells|count|all steps|FlowMOP"",""B|t_cells|count|time|Nadia Manual"",""B|t_cells|count|time|FlowMOP"",""B|t_cells|count|time|PeacoQC"",""B|t_cells|count|time|FlowCut"",""D|t_cells|count|debris|Nadia Manual"",""D|t_cells|count|debris|FlowMOP"",""D|t_cells|count|doublet|Nadia Manual"",""D|t_cells|count|doublet|FlowMOP"",""D|t_cells|count|all steps|Nadia Manual"",""D|t_cells|count|all steps|FlowMOP"",""B|nkt_cells|count|time|Nadia Manual"",""B|nkt_cells|count|time|FlowMOP"",""B|nkt_cells|count|time|PeacoQC"",""B|nkt_cells|count|time|FlowCut"",""D|nkt_cells|count|debris|Nadia Manual"",""D|nkt_cells|count|debris|FlowMOP"",""D|nkt_cells|count|doublet|Nadia Manual"",""D|nkt_cells|count|doublet|FlowMOP"",""D|nkt_cells|count|all steps|Nadia Manual"",""D|nkt_cells|count|all steps|FlowMOP""]","[0.8245976254833315,0.9038390568427772,0.6017581131535988,0.9294793152401946,0.9546023131843812,0.4373958393472278,0.9602942599941923,0.9335901655212467,0.7530864947257833,0.36111532832530713,0.8206951299485729,0.8970420736547821,0.5992820902219308,0.9262761881751976,0.9833746898263027,0.35889164598842016,0.8330005254860746,0.8083026799789805,0.6726069246435845,0.25936297804933245,0.8246632830079285,0.9042743616526857,0.601967614428559,0.9299555032003645,0.9756967317984092,0.4836317706433506,0.9826515114130464,0.9724584519050987,0.7891631255641912,0.42240031704793146,0.8226521944313355,0.9014629542236904,0.6050023596035866,0.9301557338367155,0.9235007416825599,0.23776223776223776,0.9593835993395707,0.9241607044578977,0.7323138968240632,0.1975298269198454]"
19A,True,80944,True,True,False,0.6676851891813764,2,True,False,minimum robust-standardized RMS distance from cohort-median endpoint vector among eligible samples supplied in the FlowJo debris PDF; scale=1.4826*MAD with SD fallback,minimum full-vector robust-standardized RMS distance among eligible samples with FlowMOP debris-controlled Live CD45+ retention below Nadia Manual,"[""B|live_cd45|count|time|Nadia Manual"",""B|live_cd45|count|time|FlowMOP"",""B|live_cd45|count|time|PeacoQC"",""B|live_cd45|count|time|FlowCut"",""D|live_cd45|count|debris|Nadia Manual"",""D|live_cd45|count|debris|FlowMOP"",""D|live_cd45|count|doublet|Nadia Manual"",""D|live_cd45|count|doublet|FlowMOP"",""D|live_cd45|count|all steps|Nadia Manual"",""D|live_cd45|count|all steps|FlowMOP"",""B|b_cells|count|time|Nadia Manual"",""B|b_cells|count|time|FlowMOP"",""B|b_cells|count|time|PeacoQC"",""B|b_cells|count|time|FlowCut"",""D|b_cells|count|debris|Nadia Manual"",""D|b_cells|count|debris|FlowMOP"",""D|b_cells|count|doublet|Nadia Manual"",""D|b_cells|count|doublet|FlowMOP"",""D|b_cells|count|all steps|Nadia Manual"",""D|b_cells|count|all steps|FlowMOP"",""B|t_cells|count|time|Nadia Manual"",""B|t_cells|count|time|FlowMOP"",""B|t_cells|count|time|PeacoQC"",""B|t_cells|count|time|FlowCut"",""D|t_cells|count|debris|Nadia Manual"",""D|t_cells|count|debris|FlowMOP"",""D|t_cells|count|doublet|Nadia Manual"",""D|t_cells|count|doublet|FlowMOP"",""D|t_cells|count|all steps|Nadia Manual"",""D|t_cells|count|all steps|FlowMOP"",""B|nkt_cells|count|time|Nadia Manual"",""B|nkt_cells|count|time|FlowMOP"",""B|nkt_cells|count|time|PeacoQC"",""B|nkt_cells|count|time|FlowCut"",""D|nkt_cells|count|debris|Nadia Manual"",""D|nkt_cells|count|debris|FlowMOP"",""D|nkt_cells|count|doublet|Nadia Manual"",""D|nkt_cells|count|doublet|FlowMOP"",""D|nkt_cells|count|all steps|Nadia Manual"",""D|nkt_cells|count|all steps|FlowMOP""]","[0.8610126002290951,0.8797525773195877,0.7417548682703322,0.9042016036655212,0.9719256868586561,1.0,0.974051689283752,0.9488912617534547,0.8123848967204752,0.8254666816535099,0.863166577708768,0.8761706050754525,0.7427337570964142,0.9037313794943956,0.9867428444641668,1.0,0.9226659751037345,0.9037344398340249,0.7850050747981113,0.7890207846079167,0.8606875203649397,0.8810524600847182,0.7414630172694688,0.9034701857282502,0.9902157410357819,1.0,0.9926717901501344,0.9884063962118792,0.8453722076425783,0.8701433783524292,0.8530805687203792,0.8710900473933649,0.7355450236966825,0.9014218009478673,0.9793253536452666,1.0,0.9503695881731784,0.9366420274551215,0.7936507936507936,0.8121693121693122]"
19B,True,47358,True,False,True,2.1652199763013615,30,False,False,minimum robust-standardized RMS distance from cohort-median endpoint vector among eligible samples supplied in the FlowJo debris PDF; scale=1.4826*MAD with SD fallback,minimum full-vector robust-standardized RMS distance among eligible samples with FlowMOP debris-controlled Live CD45+ retention below Nadia Manual,"[""B|live_cd45|count|time|Nadia Manual"",""B|live_cd45|count|time|FlowMOP"",""B|live_cd45|count|time|PeacoQC"",""B|live_cd45|count|time|FlowCut"",""D|live_cd45|count|debris|Nadia Manual"",""D|live_cd45|count|debris|FlowMOP"",""D|live_cd45|count|doublet|Nadia Manual"",""D|live_cd45|count|doublet|FlowMOP"",""D|live_cd45|count|all steps|Nadia Manual"",""D|live_cd45|count|all steps|FlowMOP"",""B|b_cells|count|time|Nadia Manual"",""B|b_cells|count|time|FlowMOP"",""B|b_cells|count|time|PeacoQC"",""B|b_cells|count|time|FlowCut"",""D|b_cells|count|debris|Nadia Manual"",""D|b_cells|count|debris|FlowMOP"",""D|b_cells|count|doublet|Nadia Manual"",""D|b_cells|count|doublet|FlowMOP"",""D|b_cells|count|all steps|Nadia Manual"",""D|b_cells|count|all steps|FlowMOP"",""B|t_cells|count|time|Nadia Manual"",""B|t_cells|count|time|FlowMOP"",""B|t_cells|count|time|PeacoQC"",""B|t_cells|count|time|FlowCut"",""D|t_cells|count|debris|Nadia Manual"",""D|t_cells|count|debris|FlowMOP"",""D|t_cells|count|doublet|Nadia Manual"",""D|t_cells|count|doublet|FlowMOP"",""D|t_cells|count|all steps|Nadia Manual"",""D|t_cells|count|all steps|FlowMOP"",""B|nkt_cells|count|time|Nadia Manual"",""B|nkt_cells|count|time|FlowMOP"",""B|nkt_cells|count|time|PeacoQC"",""B|nkt_cells|count|time|FlowCut"",""D|nkt_cells|count|debris|Nadia Manual"",""D|nkt_cells|count|debris|FlowMOP"",""D|nkt_cells|count|doublet|Nadia Manual"",""D|nkt_cells|count|doublet|FlowMOP"",""D|nkt_cells|count|all steps|Nadia Manual"",""D|nkt_cells|count|all steps|FlowMOP""]","[0.7302498966301426,0.8711494728137276,0.7001175832127352,0.9243655675005169,0.9662255731651023,0.40483151254039085,0.9654662862804722,0.9410031262278559,0.6784125898049949,0.32650305201937446,0.7258144828567363,0.872563664817186,0.7023758713899559,0.9213615023474179,0.9836120884947221,0.39340627560611174,0.9012896387244943,0.8832700291493685,0.6411247251021049,0.3024191014765944,0.7323879129229807,0.8729046533458495,0.6992534978320146,0.9251598051048232,0.9888049004963865,0.38015057559709714,0.9888049004963865,0.984731211997767,0.7153991420056981,0.328253774192492,0.7363636363636363,0.8738636363636364,0.7056818181818182,0.9272727272727272,0.9818181818181818,0.3765151515151515,0.9370932754880694,0.9219088937093276,0.6785340314136126,0.3041884816753927]"
20A,True,27445,True,False,False,1.3174349470147535,19,False,False,minimum robust-standardized RMS distance from cohort-median endpoint vector among eligible samples supplied in the FlowJo debris PDF; scale=1.4826*MAD with SD fallback,minimum full-vector robust-standardized RMS distance among eligible samples with FlowMOP debris-controlled Live CD45+ retention below Nadia Manual,"[""B|live_cd45|count|time|Nadia Manual"",""B|live_cd45|count|time|FlowMOP"",""B|live_cd45|count|time|PeacoQC"",""B|live_cd45|count|time|FlowCut"",""D|live_cd45|count|debris|Nadia Manual"",""D|live_cd45|count|debris|FlowMOP"",""D|live_cd45|count|doublet|Nadia Manual"",""D|live_cd45|count|doublet|FlowMOP"",""D|live_cd45|count|all steps|Nadia Manual"",""D|live_cd45|count|all steps|FlowMOP"",""B|b_cells|count|time|Nadia Manual"",""B|b_cells|count|time|FlowMOP"",""B|b_cells|count|time|PeacoQC"",""B|b_cells|count|time|FlowCut"",""D|b_cells|count|debris|Nadia Manual"",""D|b_cells|count|debris|FlowMOP"",""D|b_cells|count|doublet|Nadia Manual"",""D|b_cells|count|doublet|FlowMOP"",""D|b_cells|count|all steps|Nadia Manual"",""D|b_cells|count|all steps|FlowMOP"",""B|t_cells|count|time|Nadia Manual"",""B|t_cells|count|time|FlowMOP"",""B|t_cells|count|time|PeacoQC"",""B|t_cells|count|time|FlowCut"",""D|t_cells|count|debris|Nadia Manual"",""D|t_cells|count|debris|FlowMOP"",""D|t_cells|count|doublet|Nadia Manual"",""D|t_cells|count|doublet|FlowMOP"",""D|t_cells|count|all steps|Nadia Manual"",""D|t_cells|count|all steps|FlowMOP"",""B|nkt_cells|count|time|Nadia Manual"",""B|nkt_cells|count|time|FlowMOP"",""B|nkt_cells|count|time|PeacoQC"",""B|nkt_cells|count|time|FlowCut"",""D|nkt_cells|count|debris|Nadia Manual"",""D|nkt_cells|count|debris|FlowMOP"",""D|nkt_cells|count|doublet|Nadia Manual"",""D|nkt_cells|count|doublet|FlowMOP"",""D|nkt_cells|count|all steps|Nadia Manual"",""D|nkt_cells|count|all steps|FlowMOP""]","[0.8579903510999285,0.9666674361164331,0.6335264652247178,0.9038110846933358,0.9730868916407047,1.0,0.913759618457605,0.9149150625660692,0.7619096425057396,0.8839783535585438,0.8575671852899576,0.9683168316831683,0.6212164073550213,0.9032531824611032,0.9809092379873807,1.0,0.8191029451499595,0.8213996217238584,0.6871033544877606,0.7945376246600181,0.8575539044289044,0.9664554195804196,0.6394959207459208,0.9034090909090909,0.9882061613363552,1.0,0.9928734081133508,0.9929577464788732,0.8408327976573102,0.9593600457110206,0.8404669260700389,0.9610894941634242,0.6134889753566797,0.9079118028534371,0.9863013698630136,1.0,0.9893129770992366,0.9862595419847329,0.8171500630517023,0.9470365699873896]"
20B,True,25421,True,False,False,1.6544473433616433,22,False,False,minimum robust-standardized RMS distance from cohort-median endpoint vector among eligible samples supplied in the FlowJo debris PDF; scale=1.4826*MAD with SD fallback,minimum full-vector robust-standardized RMS distance among eligible samples with FlowMOP debris-controlled Live CD45+ retention below Nadia Manual,"[""B|live_cd45|count|time|Nadia Manual"",""B|live_cd45|count|time|FlowMOP"",""B|live_cd45|count|time|PeacoQC"",""B|live_cd45|count|time|FlowCut"",""D|live_cd45|count|debris|Nadia Manual"",""D|live_cd45|count|debris|FlowMOP"",""D|live_cd45|count|doublet|Nadia Manual"",""D|live_cd45|count|doublet|FlowMOP"",""D|live_cd45|count|all steps|Nadia Manual"",""D|live_cd45|count|all steps|FlowMOP"",""B|b_cells|count|time|Nadia Manual"",""B|b_cells|count|time|FlowMOP"",""B|b_cells|count|time|PeacoQC"",""B|b_cells|count|time|FlowCut"",""D|b_cells|count|debris|Nadia Manual"",""D|b_cells|count|debris|FlowMOP"",""D|b_cells|count|doublet|Nadia Manual"",""D|b_cells|count|doublet|FlowMOP"",""D|b_cells|count|all steps|Nadia Manual"",""D|b_cells|count|all steps|FlowMOP"",""B|t_cells|count|time|Nadia Manual"",""B|t_cells|count|time|FlowMOP"",""B|t_cells|count|time|PeacoQC"",""B|t_cells|count|time|FlowCut"",""D|t_cells|count|debris|Nadia Manual"",""D|t_cells|count|debris|FlowMOP"",""D|t_cells|count|doublet|Nadia Manual"",""D|t_cells|count|doublet|FlowMOP"",""D|t_cells|count|all steps|Nadia Manual"",""D|t_cells|count|all steps|FlowMOP"",""B|nkt_cells|count|time|Nadia Manual"",""B|nkt_cells|count|time|FlowMOP"",""B|nkt_cells|count|time|PeacoQC"",""B|nkt_cells|count|time|FlowCut"",""D|nkt_cells|count|debris|Nadia Manual"",""D|nkt_cells|count|debris|FlowMOP"",""D|nkt_cells|count|doublet|Nadia Manual"",""D|nkt_cells|count|doublet|FlowMOP"",""D|nkt_cells|count|all steps|Nadia Manual"",""D|nkt_cells|count|all steps|FlowMOP""]","[0.8973767945280986,0.9418986295192042,0.6369102798586926,0.8952221080850851,0.9708872082621778,1.0,0.8807386824698158,0.8858779846066835,0.7653532202230865,0.8340313688619172,0.8999832186608492,0.9436147004530961,0.6323208592045645,0.898137271354254,0.9786496350364964,1.0,0.804892690980039,0.8122467357046376,0.7051012358664213,0.764265053904812,0.8963626321603282,0.94224396402083,0.6359081584345905,0.8949818526116459,0.9878266162340767,1.0,0.9898061424526247,0.9903289043781311,0.875872171466019,0.9330403608187811,0.8864516129032258,0.9316129032258065,0.6503225806451612,0.8825806451612903,0.9884892086330935,1.0,0.9689703808180536,0.9689703808180536,0.8513011152416357,0.9058240396530359]"
21A,True,117310,True,False,False,1.0729525862070954,10,False,False,minimum robust-standardized RMS distance from cohort-median endpoint vector among eligible samples supplied in the FlowJo debris PDF; scale=1.4826*MAD with SD fallback,minimum full-vector robust-standardized RMS distance among eligible samples with FlowMOP debris-controlled Live CD45+ retention below Nadia Manual,"[""B|live_cd45|count|time|Nadia Manual"",""B|live_cd45|count|time|FlowMOP"",""B|live_cd45|count|time|PeacoQC"",""B|live_cd45|count|time|FlowCut"",""D|live_cd45|count|debris|Nadia Manual"",""D|live_cd45|count|debris|FlowMOP"",""D|live_cd45|count|doublet|Nadia Manual"",""D|live_cd45|count|doublet|FlowMOP"",""D|live_cd45|count|all steps|Nadia Manual"",""D|live_cd45|count|all steps|FlowMOP"",""B|b_cells|count|time|Nadia Manual"",""B|b_cells|count|time|FlowMOP"",""B|b_cells|count|time|PeacoQC"",""B|b_cells|count|time|FlowCut"",""D|b_cells|count|debris|Nadia Manual"",""D|b_cells|count|debris|FlowMOP"",""D|b_cells|count|doublet|Nadia Manual"",""D|b_cells|count|doublet|FlowMOP"",""D|b_cells|count|all steps|Nadia Manual"",""D|b_cells|count|all steps|FlowMOP"",""B|t_cells|count|time|Nadia Manual"",""B|t_cells|count|time|FlowMOP"",""B|t_cells|count|time|PeacoQC"",""B|t_cells|count|time|FlowCut"",""D|t_cells|count|debris|Nadia Manual"",""D|t_cells|count|debris|FlowMOP"",""D|t_cells|count|doublet|Nadia Manual"",""D|t_cells|count|doublet|FlowMOP"",""D|t_cells|count|all steps|Nadia Manual"",""D|t_cells|count|all steps|FlowMOP"",""B|nkt_cells|count|time|Nadia Manual"",""B|nkt_cells|count|time|FlowMOP"",""B|nkt_cells|count|time|PeacoQC"",""B|nkt_cells|count|time|FlowCut"",""D|nkt_cells|count|debris|Nadia Manual"",""D|nkt_cells|count|debris|FlowMOP"",""D|nkt_cells|count|doublet|Nadia Manual"",""D|nkt_cells|count|doublet|FlowMOP"",""D|nkt_cells|count|all steps|Nadia Manual"",""D|nkt_cells|count|all steps|FlowMOP""]","[0.9250722533903514,0.8819490760720311,0.7670629160291368,0.8954124001203133,0.9720762132486824,1.0,0.9849070264475123,0.9607359913117938,0.8814641744548286,0.8426168224299065,0.9204712812960235,0.8820324005891016,0.7731958762886598,0.893078055964654,0.9837871871556745,1.0,0.953907203907204,0.8826312576312576,0.8642146017699115,0.7771017699115044,0.9254055903049258,0.8810349882720876,0.7659629919207714,0.8949700286682304,0.9834256534533495,1.0,0.9886022534476008,0.97867490320616,0.8964779953608003,0.860437410253578,0.9254122621564482,0.8799154334038055,0.7645665961945032,0.89276955602537,0.9897793053545586,1.0,0.9809950694755715,0.9664724338861497,0.8973349733497334,0.8484624846248463]"
22A,True,40186,True,True,False,0.7945183381472405,4,False,False,minimum robust-standardized RMS distance from cohort-median endpoint vector among eligible samples supplied in the FlowJo debris PDF; scale=1.4826*MAD with SD fallback,minimum full-vector robust-standardized RMS distance among eligible samples with FlowMOP debris-controlled Live CD45+ retention below Nadia Manual,"[""B|live_cd45|count|time|Nadia Manual"",""B|live_cd45|count|time|FlowMOP"",""B|live_cd45|count|time|PeacoQC"",""B|live_cd45|count|time|FlowCut"",""D|live_cd45|count|debris|Nadia Manual"",""D|live_cd45|count|debris|FlowMOP"",""D|live_cd45|count|doublet|Nadia Manual"",""D|live_cd45|count|doublet|FlowMOP"",""D|live_cd45|count|all steps|Nadia Manual"",""D|live_cd45|count|all steps|FlowMOP"",""B|b_cells|count|time|Nadia Manual"",""B|b_cells|count|time|FlowMOP"",""B|b_cells|count|time|PeacoQC"",""B|b_cells|count|time|FlowCut"",""D|b_cells|count|debris|Nadia Manual"",""D|b_cells|count|debris|FlowMOP"",""D|b_cells|count|doublet|Nadia Manual"",""D|b_cells|count|doublet|FlowMOP"",""D|b_cells|count|all steps|Nadia Manual"",""D|b_cells|count|all steps|FlowMOP"",""B|t_cells|count|time|Nadia Manual"",""B|t_cells|count|time|FlowMOP"",""B|t_cells|count|time|PeacoQC"",""B|t_cells|count|time|FlowCut"",""D|t_cells|count|debris|Nadia Manual"",""D|t_cells|count|debris|FlowMOP"",""D|t_cells|count|doublet|Nadia Manual"",""D|t_cells|count|doublet|FlowMOP"",""D|t_cells|count|all steps|Nadia Manual"",""D|t_cells|count|all steps|FlowMOP"",""B|nkt_cells|count|time|Nadia Manual"",""B|nkt_cells|count|time|FlowMOP"",""B|nkt_cells|count|time|PeacoQC"",""B|nkt_cells|count|time|FlowCut"",""D|nkt_cells|count|debris|Nadia Manual"",""D|nkt_cells|count|debris|FlowMOP"",""D|nkt_cells|count|doublet|Nadia Manual"",""D|nkt_cells|count|doublet|FlowMOP"",""D|nkt_cells|count|all steps|Nadia Manual"",""D|nkt_cells|count|all steps|FlowMOP""]","[0.8145152535012485,0.8892447436036622,0.72713784243477,0.8677668005645424,0.9673572011862295,1.0,0.958051334440046,0.9551568552334738,0.7525201023086311,0.8468881124726257,0.8198424477680101,0.888115081630323,0.7318187007649275,0.8691631464779085,0.975679347826087,1.0,0.8501243044868001,0.8482301408784184,0.6794398713217902,0.7519159806982685,0.8138979305402096,0.8907038552274017,0.7258936303640219,0.8681876549108609,0.9928600050999964,1.0,0.9917761362395837,0.9903933626869473,0.8012877050626213,0.8821661668724643,0.813953488372093,0.9156976744186046,0.7093023255813954,0.8837209302325582,0.9893992932862191,1.0,0.9523809523809523,0.9523809523809523,0.7734806629834254,0.8784530386740331]"
23A,True,48417,True,False,False,1.126509060546875,12,False,False,minimum robust-standardized RMS distance from cohort-median endpoint vector among eligible samples supplied in the FlowJo debris PDF; scale=1.4826*MAD with SD fallback,minimum full-vector robust-standardized RMS distance among eligible samples with FlowMOP debris-controlled Live CD45+ retention below Nadia Manual,"[""B|live_cd45|count|time|Nadia Manual"",""B|live_cd45|count|time|FlowMOP"",""B|live_cd45|count|time|PeacoQC"",""B|live_cd45|count|time|FlowCut"",""D|live_cd45|count|debris|Nadia Manual"",""D|live_cd45|count|debris|FlowMOP"",""D|live_cd45|count|doublet|Nadia Manual"",""D|live_cd45|count|doublet|FlowMOP"",""D|live_cd45|count|all steps|Nadia Manual"",""D|live_cd45|count|all steps|FlowMOP"",""B|b_cells|count|time|Nadia Manual"",""B|b_cells|count|time|FlowMOP"",""B|b_cells|count|time|PeacoQC"",""B|b_cells|count|time|FlowCut"",""D|b_cells|count|debris|Nadia Manual"",""D|b_cells|count|debris|FlowMOP"",""D|b_cells|count|doublet|Nadia Manual"",""D|b_cells|count|doublet|FlowMOP"",""D|b_cells|count|all steps|Nadia Manual"",""D|b_cells|count|all steps|FlowMOP"",""B|t_cells|count|time|Nadia Manual"",""B|t_cells|count|time|FlowMOP"",""B|t_cells|count|time|PeacoQC"",""B|t_cells|count|time|FlowCut"",""D|t_cells|count|debris|Nadia Manual"",""D|t_cells|count|debris|FlowMOP"",""D|t_cells|count|doublet|Nadia Manual"",""D|t_cells|count|doublet|FlowMOP"",""D|t_cells|count|all steps|Nadia Manual"",""D|t_cells|count|all steps|FlowMOP"",""B|nkt_cells|count|time|Nadia Manual"",""B|nkt_cells|count|time|FlowMOP"",""B|nkt_cells|count|time|PeacoQC"",""B|nkt_cells|count|time|FlowCut"",""D|nkt_cells|count|debris|Nadia Manual"",""D|nkt_cells|count|debris|FlowMOP"",""D|nkt_cells|count|doublet|Nadia Manual"",""D|nkt_cells|count|doublet|FlowMOP"",""D|nkt_cells|count|all steps|Nadia Manual"",""D|nkt_cells|count|all steps|FlowMOP""]","[0.7753766694656126,0.9429648758693896,0.7670748902866015,0.9085536843105879,0.9876097265664413,1.0,0.9897067745197169,0.9849342770475228,0.7568156865170798,0.9263457404858738,0.782967032967033,0.9403684550743374,0.7574337427278603,0.9072398190045249,0.9869627215318802,1.0,0.9672589339189459,0.9628668396885606,0.7430981595092024,0.9021472392638037,0.7715194610778443,0.9397455089820359,0.7714258982035929,0.9093375748502994,0.9876631931967901,1.0,0.9836574018847668,0.9763807706071812,0.7495682210708118,0.9165530406326697,0.8,0.9527777777777777,0.7611111111111111,0.9,0.993103448275862,1.0,0.844574780058651,0.8357771260997068,0.6697674418604651,0.7906976744186046]"
23B,True,48877,True,False,False,2.0071464095015696,25,False,False,minimum robust-standardized RMS distance from cohort-median endpoint vector among eligible samples supplied in the FlowJo debris PDF; scale=1.4826*MAD with SD fallback,minimum full-vector robust-standardized RMS distance among eligible samples with FlowMOP debris-controlled Live CD45+ retention below Nadia Manual,"[""B|live_cd45|count|time|Nadia Manual"",""B|live_cd45|count|time|FlowMOP"",""B|live_cd45|count|time|PeacoQC"",""B|live_cd45|count|time|FlowCut"",""D|live_cd45|count|debris|Nadia Manual"",""D|live_cd45|count|debris|FlowMOP"",""D|live_cd45|count|doublet|Nadia Manual"",""D|live_cd45|count|doublet|FlowMOP"",""D|live_cd45|count|all steps|Nadia Manual"",""D|live_cd45|count|all steps|FlowMOP"",""B|b_cells|count|time|Nadia Manual"",""B|b_cells|count|time|FlowMOP"",""B|b_cells|count|time|PeacoQC"",""B|b_cells|count|time|FlowCut"",""D|b_cells|count|debris|Nadia Manual"",""D|b_cells|count|debris|FlowMOP"",""D|b_cells|count|doublet|Nadia Manual"",""D|b_cells|count|doublet|FlowMOP"",""D|b_cells|count|all steps|Nadia Manual"",""D|b_cells|count|all steps|FlowMOP"",""B|t_cells|count|time|Nadia Manual"",""B|t_cells|count|time|FlowMOP"",""B|t_cells|count|time|PeacoQC"",""B|t_cells|count|time|FlowCut"",""D|t_cells|count|debris|Nadia Manual"",""D|t_cells|count|debris|FlowMOP"",""D|t_cells|count|doublet|Nadia Manual"",""D|t_cells|count|doublet|FlowMOP"",""D|t_cells|count|all steps|Nadia Manual"",""D|t_cells|count|all steps|FlowMOP"",""B|nkt_cells|count|time|Nadia Manual"",""B|nkt_cells|count|time|FlowMOP"",""B|nkt_cells|count|time|PeacoQC"",""B|nkt_cells|count|time|FlowCut"",""D|nkt_cells|count|debris|Nadia Manual"",""D|nkt_cells|count|debris|FlowMOP"",""D|nkt_cells|count|doublet|Nadia Manual"",""D|nkt_cells|count|doublet|FlowMOP"",""D|nkt_cells|count|all steps|Nadia Manual"",""D|nkt_cells|count|all steps|FlowMOP""]","[0.7524616307480724,0.9269045633440138,0.715109218862017,0.909728013577375,0.988430196801968,1.0,0.9852490421455938,0.980727969348659,0.7319954454881867,0.9063905493879875,0.7563565659587197,0.9265629673945558,0.7028118456476219,0.9089141489679928,0.990403446925186,1.0,0.955232338496411,0.9505100113335851,0.7144673636620514,0.8787793161910145,0.7498730749703841,0.9230834320528009,0.7104416991030631,0.9118294127601964,0.9868596881959911,1.0,0.9741673079037045,0.9666923161481807,0.7212501017335395,0.8927321559371694,0.7786666666666666,0.9226666666666666,0.704,0.9093333333333333,0.9931972789115646,1.0,0.7227722772277227,0.7128712871287128,0.5626204238921002,0.6628131021194605]"
23C,True,45178,True,False,False,2.6099761093107965,33,False,False,minimum robust-standardized RMS distance from cohort-median endpoint vector among eligible samples supplied in the FlowJo debris PDF; scale=1.4826*MAD with SD fallback,minimum full-vector robust-standardized RMS distance among eligible samples with FlowMOP debris-controlled Live CD45+ retention below Nadia Manual,"[""B|live_cd45|count|time|Nadia Manual"",""B|live_cd45|count|time|FlowMOP"",""B|live_cd45|count|time|PeacoQC"",""B|live_cd45|count|time|FlowCut"",""D|live_cd45|count|debris|Nadia Manual"",""D|live_cd45|count|debris|FlowMOP"",""D|live_cd45|count|doublet|Nadia Manual"",""D|live_cd45|count|doublet|FlowMOP"",""D|live_cd45|count|all steps|Nadia Manual"",""D|live_cd45|count|all steps|FlowMOP"",""B|b_cells|count|time|Nadia Manual"",""B|b_cells|count|time|FlowMOP"",""B|b_cells|count|time|PeacoQC"",""B|b_cells|count|time|FlowCut"",""D|b_cells|count|debris|Nadia Manual"",""D|b_cells|count|debris|FlowMOP"",""D|b_cells|count|doublet|Nadia Manual"",""D|b_cells|count|doublet|FlowMOP"",""D|b_cells|count|all steps|Nadia Manual"",""D|b_cells|count|all steps|FlowMOP"",""B|t_cells|count|time|Nadia Manual"",""B|t_cells|count|time|FlowMOP"",""B|t_cells|count|time|PeacoQC"",""B|t_cells|count|time|FlowCut"",""D|t_cells|count|debris|Nadia Manual"",""D|t_cells|count|debris|FlowMOP"",""D|t_cells|count|doublet|Nadia Manual"",""D|t_cells|count|doublet|FlowMOP"",""D|t_cells|count|all steps|Nadia Manual"",""D|t_cells|count|all steps|FlowMOP"",""B|nkt_cells|count|time|Nadia Manual"",""B|nkt_cells|count|time|FlowMOP"",""B|nkt_cells|count|time|PeacoQC"",""B|nkt_cells|count|time|FlowCut"",""D|nkt_cells|count|debris|Nadia Manual"",""D|nkt_cells|count|debris|FlowMOP"",""D|nkt_cells|count|doublet|Nadia Manual"",""D|nkt_cells|count|doublet|FlowMOP"",""D|nkt_cells|count|all steps|Nadia Manual"",""D|nkt_cells|count|all steps|FlowMOP""]","[0.7982805729103217,0.9253232627347244,0.7862376220392963,0.9059362002053567,0.9881303720299003,1.0,0.9820587479660872,0.9764494305044104,0.7738115321029725,0.9010594149600188,0.8020501944149876,0.9273594909862142,0.7806645457758925,0.9107458465889007,0.9903972064600611,1.0,0.9469949916527546,0.9407345575959933,0.7525704809286898,0.8724709784411276,0.8025426294016749,0.925638179800222,0.779134295227525,0.9048531934214509,0.9875838092873106,1.0,0.9683467251034819,0.9599464329194058,0.7667245035666088,0.8860613071139387,0.8152173913043478,0.9094202898550725,0.8043478260869565,0.9094202898550725,1.0,1.0,0.6446991404011462,0.6418338108882522,0.5269320843091335,0.585480093676815]"
