sample,sample_group,method,method_family,raw_events,retained_events,retention_pct_raw,live_events,live_pct_retained,live_recovery_pct,dead_events,dead_removal_pct,live_gate_raw_upper_exclusive
trim_LB180_NT.fcs,NT,Raw,Raw,87792,87792,100.0,72656,82.75924913431747,100.0,15136,0.0,12000.0
trim_LB180_NT.fcs,NT,Manual: debris,Manual,87792,53032,60.40641516311281,44164,83.27802081761955,60.78506936798062,8868,41.411205073995774,12000.0
trim_LB180_NT.fcs,NT,Manual: doublet,Manual,87792,70465,80.2635775469291,60107,85.30050379621089,82.72819863466196,10358,31.567124735729386,12000.0
trim_LB180_NT.fcs,NT,Manual: time,Manual,87792,85851,97.78909240021869,71252,82.99495637791057,98.06760625412905,14599,3.5478329809725158,12000.0
trim_LB180_NT.fcs,NT,Manual: all 3,Manual,87792,50966,58.05312556952798,42834,84.04426480398698,58.954525434926225,8132,46.27378435517971,12000.0
trim_LB192_NT.fcs,NT,Raw,Raw,338456,338456,100.0,333714,98.59893161888104,100.0,4742,0.0,12000.0
trim_LB192_NT.fcs,NT,Manual: debris,Manual,338456,266909,78.86076772165363,262915,98.50360984455376,78.78452806894526,3994,15.773935048502741,12000.0
trim_LB192_NT.fcs,NT,Manual: doublet,Manual,338456,301916,89.20391424586948,298249,98.78542376025119,89.37263644917505,3667,22.66975959510755,12000.0
trim_LB192_NT.fcs,NT,Manual: time,Manual,338456,329204,97.26640981397877,324779,98.65584865311479,97.32255763917605,4425,6.6849430619991566,12000.0
trim_LB192_NT.fcs,NT,Manual: all 3,Manual,338456,250374,73.9753468693124,247017,98.65920582808118,74.02056851076071,3357,29.20708561788275,12000.0
trim_LB200_NT.fcs,NT,Raw,Raw,409824,409824,100.0,372010,90.77311236042789,100.0,37814,0.0,12000.0
trim_LB200_NT.fcs,NT,Manual: debris,Manual,409824,150108,36.62743031154837,135068,89.98054733924907,36.30762613908228,15040,60.2263711852753,12000.0
trim_LB200_NT.fcs,NT,Manual: doublet,Manual,409824,175876,42.91500741781838,166991,94.94814528417749,44.88884707400339,8885,76.50341143491828,12000.0
trim_LB200_NT.fcs,NT,Manual: time,Manual,409824,380394,92.81886858749121,359317,94.45916602259763,96.5879949463724,21077,44.261384672343574,12000.0
trim_LB200_NT.fcs,NT,Manual: all 3,Manual,409824,128302,31.306609666588585,120460,93.88785833424265,32.38084997715115,7842,79.26164912466282,12000.0
trim_LB202_T.fcs,T,Raw,Raw,287752,287752,100.0,128325,44.59569351385915,100.0,159427,0.0,12000.0
trim_LB202_T.fcs,T,Manual: debris,Manual,287752,128264,44.57449470377269,44577,34.75410091685898,34.73758036236119,83687,47.50763672401789,12000.0
trim_LB202_T.fcs,T,Manual: doublet,Manual,287752,180817,62.8377908754761,86770,47.9877445151728,67.61737775180207,94047,41.00936478764576,12000.0
trim_LB202_T.fcs,T,Manual: time,Manual,287752,256032,88.97661875503906,125764,49.1204224471941,98.00428599259692,130268,18.289875617053575,12000.0
trim_LB202_T.fcs,T,Manual: all 3,Manual,287752,108968,37.86872028691373,42071,38.60858233609867,32.78472628092733,66897,58.03910253595689,12000.0
trim_LB202_T.fcs,T,FlowMOP: debris,FlowMOP,287752,267803,93.06729405877283,110630,41.310216838496956,86.21079290863042,157173,1.4138132185890722,12000.0
trim_LB202_T.fcs,T,FlowMOP: doublet,FlowMOP,287752,238119,82.75146654063221,127677,53.61898882491527,99.49503214494447,110442,30.725661274439084,12000.0
trim_LB202_T.fcs,T,FlowMOP: time,FlowMOP,287752,236152,82.06789179571298,104657,44.3176428740811,81.55620494837328,131495,17.520244375168573,12000.0
trim_LB202_T.fcs,T,FlowMOP: all 3,FlowMOP,287752,178524,62.04092412911118,89845,50.326566736125116,70.01363724917202,88679,44.376423065101896,12000.0
trim_LB202_T.fcs,T,FlowMOP: final,FlowMOP,287752,177755,61.77368011343101,89845,50.544288486962394,70.01363724917202,87910,44.85877548972257,12000.0
trim_LB236_T.fcs,T,Raw,Raw,145520,145520,100.0,51318,35.26525563496427,100.0,94202,0.0,12000.0
trim_LB236_T.fcs,T,Manual: debris,Manual,145520,73258,50.342221000549756,13862,18.922165497283572,27.011964612806423,59396,36.94826012186578,12000.0
trim_LB236_T.fcs,T,Manual: doublet,Manual,145520,69313,47.63125343595382,20754,29.94243504104569,40.44195019291477,48559,48.45226216003906,12000.0
trim_LB236_T.fcs,T,Manual: time,Manual,145520,135395,93.04219351291918,50001,36.92972414047786,97.43364901204257,85394,9.35011995499034,12000.0
trim_LB236_T.fcs,T,Manual: all 3,Manual,145520,56134,38.574766355140184,13275,23.648769016995047,25.86811645036829,42859,54.5030891063884,12000.0
trim_LB236_T.fcs,T,FlowMOP: debris,FlowMOP,145520,115533,79.39321055525014,27646,23.92909385197303,53.87193577302311,87887,6.703679327402815,12000.0
trim_LB236_T.fcs,T,FlowMOP: doublet,FlowMOP,145520,133286,91.59290819131391,51291,38.481911078432844,99.94738688179586,81995,12.958323602471285,12000.0
trim_LB236_T.fcs,T,FlowMOP: time,FlowMOP,145520,111320,76.49807586586036,39036,35.066475026949334,76.06687711913948,72284,23.26702193159381,12000.0
trim_LB236_T.fcs,T,FlowMOP: all 3,FlowMOP,145520,78778,54.13551401869159,20884,26.509939323161287,40.69527261389766,57894,38.54270609965818,12000.0
trim_LB236_T.fcs,T,FlowMOP: final,FlowMOP,145520,77347,53.152144035184165,20870,26.98230054171461,40.66799173779181,56477,40.046920447548885,12000.0
trim_LB262_T.fcs,T,Raw,Raw,301872,301872,100.0,236517,78.35009540467483,100.0,65355,0.0,12000.0
trim_LB262_T.fcs,T,Manual: debris,Manual,301872,223996,74.20231091323475,187212,83.578278183539,79.1537183373711,36784,43.716624588784335,12000.0
trim_LB262_T.fcs,T,Manual: doublet,Manual,301872,231127,76.56457041395028,190506,82.42481406326392,80.54643006633772,40621,37.845612424451076,12000.0
trim_LB262_T.fcs,T,Manual: time,Manual,301872,277236,91.83892510733025,227875,82.19531373991833,96.3461400237615,49361,24.47249636600107,12000.0
trim_LB262_T.fcs,T,Manual: all 3,Manual,301872,205139,67.95562357555521,172815,84.24287921848112,73.06662946003881,32324,50.5408920511055,12000.0
trim_LB262_T.fcs,T,FlowMOP: debris,FlowMOP,301872,204558,67.76315789473684,165426,80.86997330830376,69.94254112812187,39132,40.12393848978655,12000.0
trim_LB262_T.fcs,T,FlowMOP: doublet,FlowMOP,301872,278351,92.20828695606085,226367,81.32429917621995,95.70855371918297,51984,20.459031443653892,12000.0
trim_LB262_T.fcs,T,FlowMOP: time,FlowMOP,301872,265872,88.07441564636667,208526,78.43097430342421,88.1653327244976,57346,12.254609440746691,12000.0
trim_LB262_T.fcs,T,FlowMOP: all 3,FlowMOP,301872,161846,53.61411459161499,138279,85.43862684280118,58.46471923794061,23567,63.94001989136256,12000.0
trim_LB262_T.fcs,T,FlowMOP: final,FlowMOP,301872,158568,52.528223882970266,137885,86.95638464255083,58.29813501777885,20683,68.35284216968863,12000.0
